상호,주소,상표,셀프여부
도계농협클린주유소,강원 삼척시 도계읍 강원남부로 1818,농협알뜰,Y
옥천농협북일지점주유소,전남 해남군 북일면 만월길 11,농협알뜰,N
속초농협클린주유소,강원 속초시 동해대로 4198 (교동),농협알뜰,Y
용산농협주유소,전남 장흥군 용산면 용안로11,농협알뜰,N
장수농협클린주유소,전북 장수군 장수읍 장천로 194,농협알뜰,N
청산농협주유소,전남 완도군 청산면 청산로 29,농협알뜰,N
비금농협주유소,전라남도 신안군 비금면 서남문로 791,농협알뜰,N
도초농협주유소 화도지점,전남 신안군 도초면 서남문로 1311,농협알뜰,N
남신안농협주유소,전남 신안군 하의면 곰실길 11-33,농협알뜰,N
서진도농협 조도지점주유소,전남 진도군 조도면 조도대로 419,농협알뜰,N
신안농협 자은지점주유소,전남 신안군 자은면 구영2길 18,농협알뜰,N
남신안농협신의지점주유소,전남 신안군 신의면 상동길 21,농협알뜰,N
신안농협주유소,전라남도 신안군 암태면 중부로 1817 (암태면),농협알뜰,N
임자농협주유소,전남 신안군 임자면 임자로 129-1,농협알뜰,N
북신안농협주유소,전남 신안군 증도면 증도길 389,농협알뜰,N
서진도농협 지산지점주유소,전남 진도군 지산면 인지인천1길 12,농협알뜰,N
대정농협무릉주유소,제주 서귀포시 대정읍 서삼중로 66,농협알뜰,N
신김포농협대곶지점셀프주유소,경기 김포시 대곶면 율생로 99,농협알뜰,Y
군서농협주유소,전남 영암군 군서면 왕인로 525,농협알뜰,N
구항농협주유소,충남 홍성군 구항면 구항길 67,농협알뜰,N
북평농협주유소,전라남도 해남군 북평면 백도로 332,농협알뜰,N
옥천농협주유소,전남 해남군 옥천면 해남로 378,농협알뜰,N
영암낭주농협 도포주유소,전남 영암군 도포면 마한로 687,농협알뜰,N
대성농협주유소,전북 고창군 성송면 대성로 741,농협알뜰,N
마한농협주유소(H),전남 나주시 반남면 고분로 610,농협알뜰,N
정미농협주유소,충남 당진시 정미면 정미로 716,농협알뜰,N
웅천농협주유소,충남 보령시 웅천읍 독산로 10,농협알뜰,N
공산농협주유소,전남 나주시 공산면 공산로 142 (공산면),농협알뜰,N
천북농협클린(신덕점)주유소,충남 보령시 천북면 천광로 557,농협알뜰,N
월출산농협시종주유소,전남 영암군 시종면 마한로 1246,농협알뜰,N
대성농협주유소 대산지소,전북 고창군 대산면 대성로 284,농협알뜰,N
청소농협협동조합,충남 보령시 청소면 청소큰길 192,농협알뜰,N
위미농협주유소,제주 서귀포시 남원읍 일주동로 7830,농협알뜰,N
광천농협주유소,충남 홍성군 은하면 홍남로 213,농협알뜰,N
제주시농협 동부주유소,제주 제주시 번영로 417 (봉개동),농협알뜰,N
고북농협주유소,충남 서산시 고북면 고북1로 295,농협알뜰,N
서영암농협 미암지점,전남 영암군 미암면 흑석로 1569-101,농협알뜰,N
해미농협주유소,충남 서산시 해미면 중앙로 1072,농협알뜰,N
서서천농협주유소,충남 서천군 서면 서인로 824,농협알뜰,N
선운산농협클린주유소,전북 고창군 무장면 동서대로 906,농협알뜰,N
결성농협주유소,충남 홍성군 결성면 홍남서로 764,농협알뜰,N
월출산농협주유소,전남 영암군 서호면 선사주거로 354,농협알뜰,N
효돈농협주유소,제주 서귀포시 일주동로 8163,농협알뜰,N
천지농협주유소,전남 함평군 학교면 함영로 630,농협알뜰,N
갈산농협주유소,충남 홍성군 갈산면 갈산로 222,농협알뜰,N
해남농협주유소,전남 해남군 해남읍 남부순환로 64,농협알뜰,N
조천농협주유소,제주 제주시 조천읍 일주동로 757,농협알뜰,N
서부농협주유소,충남 홍성군 서부면 서부로 777,농협알뜰,N
대호지농협주유소,충남 당진시 대호지면 4.4만세로 61,농협알뜰,N
서귀포농협주유소,제주 서귀포시 516로 38 (토평동),농협알뜰,N
천북농협주유소,충남 보령시 천북면 홍보로 670,농협알뜰,N
현산농협주유소,전남 해남군 현산면 땅끝대로 1711,농협알뜰,N
성연농협주유소,충남 서산시 성연면 두치로 19,농협알뜰,N
해리농협주유소,전북 고창군 상하면 상하로 78,농협알뜰,N
몽탄농협주유소,전남 무안군 몽탄면 몽탄로 830,농협알뜰,N
땅끝농협주유소,전남 해남군 송지면 산정1길 80,농협알뜰,N
서영광농협군남주유소,전남 영광군 군남면 천년로 870-20,농협알뜰,N
대산농협주유소,충남 서산시 대산읍 충의로 2001,농협알뜰,Y
서산농협주유소,충남 서산시 서해로 3179 (예천동),농협알뜰,N
삼호농협주유소,전남 영암군 삼호읍 녹색로 1210,농협알뜰,N
부석농협주유소,충청남도 서산시 부석면 무학로 1175,농협알뜰,N
무안농협클린주유소,전남 무안군 현경면 공항로 566,농협알뜰,N
산이농협주유소,전남 해남군 산이면 산이로 1326,농협알뜰,N
손불농협주유소,전남 함평군 손불면 손불중앙길 76-13,농협알뜰,N
황산농협주유소,전남 해남군 황산면 명량로 1604,농협알뜰,N
목포농협주유소3호점,전남 목포시 고하대로 820 (연산동),농협알뜰,N
하귀농협주유소,제주특별자치도 제주시 애월읍 일주서로 7136,농협알뜰,N
중문농협주유소,제주특별자치도 서귀포시 일주서로 872 (색달동),농협알뜰,N
목포농협주유소2호점,전남 목포시 삼학로 341 (용해동),농협알뜰,N
서산농협팔봉주유소,충남 서산시 팔봉면 한월당로 344,농협알뜰,N
제주시농협서부주유소,제주 제주시 일주서로 7422 (내도동),농협알뜰,N
서진도농협광석지소,전남 진도군 임회면 광석길 53,농협알뜰,N
대정농협주유소,제주 서귀포시 대정읍 상모대서로 55,농협알뜰,N
한림농협주유소,제주 제주시 한림읍 한림상로 89,농협알뜰,N
근흥농협주유소,충남 태안군 근흥면 근흥로 864,농협알뜰,N
진도농협주유소,전남 진도군 진도읍 동외2길 2,농협알뜰,N
소원농협주유소,충청남도 태안군 소원면 서해로 969,농협알뜰,N
진도농협의신지점주유소,전남 진도군 의신면 돈지로 6,농협알뜰,N
애월농협주유소,제주 제주시 애월읍 일주서로 6252,농협알뜰,N
원북농협주유소,충남 태안군 원북면 원이로 771,농협알뜰,N
안덕농협주유소,제주 서귀포시 안덕면 화순로 122,농협알뜰,N
압해농협주유소,전남 신안군 압해읍 압해로 836,농협알뜰,N
문내농협주유소,전남 해남군 문내면 문내화원로 11,농협알뜰,N
화원농협주유소,전남 해남군 화원면 관광레저로 1249,농협알뜰,N
남면농협주유소,충남 태안군 남면 남면로 73 (남면),농협알뜰,N
남면농협청포대주유소,충남 태안군 남면 안면대로 1480,농협알뜰,Y
태안반도남면농협주유소,충남 태안군 남면 안면대로 1501-4,농협알뜰,Y
태안농협주유소,충남 태안군 태안읍 서해로 1948,농협알뜰,N
신북농협주유소,전남 영암군 신북면  예향로 2508,농협알뜰,N
영암낭주농협 덕진주유소,전남 영암군 덕진면 예향로 1855,농협알뜰,N
서군산농협주유소,전북 군산시 문창2길 1,농협알뜰,N
삼계농협주유소,전남 장성군 삼계면 사창로 64-56,농협알뜰,N
남부안농협주유소,전북 부안군 보안면 부안로 1201,농협알뜰,N
당진농협주유소,충남 당진시 동부1로 15,농협알뜰,N
고창농협부안지점,전북 고창군 부안면 인촌로 1230,농협알뜰,N
함덕농협주유소,제주 제주시 조천읍 함와로 40,농협알뜰,N
주산농협주유소,충남 보령시 주산면 충서로 430,농협알뜰,N
하서농협주유소,전북 부안군 하서면 변산로 710,농협알뜰,N
마한농협양산주유소,전남 나주시 왕곡면 예향로 3531,농협알뜰,N
서부여농협남면지점주유소,충남 부여군 남면 남성로 434,농협알뜰,N
대야농협주유소,전북 군산시 대야면 번영로 916,농협알뜰,N
마도농협쌍송점주유소,경기 화성시 마도면 마도공단로 149,농협알뜰,Y
김제농협죽산지점주유소,전북 김제시 죽산면 해학로 7,농협알뜰,N
서창농협주유소,광주 서구 회재로 527 (서창동),농협알뜰,N
금만농협주유소,전북 김제시 만경읍 만경로 780,농협알뜰,N
농협하나로주유소,광주 광산구 임방울대로 261 (신가동),농협알뜰,Y
신평농협주유소,충남 당진시 신평면 신평길 162,농협알뜰,N
표선농협주유소,제주특별자치도 서귀포시 표선면 표선동서로 229,농협알뜰,N
우강농협주유소,충남 당진시 우강면 면천로 1801,농협알뜰,Y
한산농협주유소,충남 서천군 기산면 충절로 966,농협알뜰,Y
화성농협 비봉지점주유소,충남 청양군 비봉면 록평용당로 772,농협알뜰,N
마도농협주유소,경기 화성시 마도면 화성로 777,농협알뜰,Y
완도농협고금지점주유소,전남 완도군 고금면 농상도남길 16-20,농협알뜰,N
부안농협백산지소주유소,전라북도 부안군 백산면 백산로 325,농협알뜰,N
광시농협주유소,충남 예산군 광시면 예당로 187,농협알뜰,Y
금촌농협주유소,경기 파주시 평화로 240 (야동동),농협알뜰,Y
농협하나로유통,경기 고양시 일산서구  대화로 362 (대화동),농협알뜰,Y
강진남부농협주유소,전남 강진군 칠량면 청자로 753,농협알뜰,N
남동농협주유소,인천 남동구 소래로 446 (수산동),농협알뜰,Y
봉황농협주유소,전남 나주시 봉황면 봉황로 719-9,농협알뜰,N
당진낙농축협 클린주유소,충남 당진시 합덕읍 남부로 1377,농협알뜰,N
옥산농협주유소,전라북도 군산시 옥산면 산성로 222 (옥산면),농협알뜰,N
금천농협주유소,전남 나주시 금천면 영산로 5845,농협알뜰,N
강진농협주유소,전남 강진군 강진읍 보은로 155,농협알뜰,N
노안농협주유소,전남 나주시 노안면 학산길 1,농협알뜰,N
부안농협동진주유소,전북 부안군 동진면 동진로 117,농협알뜰,N
서부여농협옥산지점주유소,충남 부여군 옥산면 대백제로 347,농협알뜰,N
광활농협주유소,전북 김제시 광활면 광활로 470,농협알뜰,N
황룡농협주유소,전남 장성군 황룡면 함장로 5140,농협알뜰,N
금마농협주유소,충남 홍성군 금마면 충서로 2274,농협알뜰,N
서신농협주유소,경기 화성시 서신면 궁평항로 1705,농협알뜰,Y
임곡농협주유소,광주 광산구 고봉로 785 (임곡동),농협알뜰,N
부안농협클린주유소,전북 부안군 부안읍 오리정로 56,농협알뜰,N
장곡농협주유소,충남 홍성군 장곡면 홍남동로 523,농협알뜰,N
도암농협주유소,전남 강진군 도암면 백도로 1872,농협알뜰,N
부안농협주산주유소,전북 부안군 주산면 선돌로 332,농협알뜰,N
세지농협주유소,전남 나주시 세지면 예향로 3138,농협알뜰,Y
계화농협주유소,전북 부안군 계화면 간재로 381,농협알뜰,N
검단농협주유소,인천 서구 서곶로 793 (당하동),농협알뜰,N
홍북농협주유소,충남 홍성군 홍북면 홍북로 422,농협알뜰,N
홍성농협주유소,충남 홍성군 홍성읍 조양로246번길 18,농협알뜰,N
강진농협성전지점주유소,전남 강진군 성전면 송계로 850-7,농협알뜰,N
장항농협주유소,충남 서천군 장항읍 성화로 83,농협알뜰,Y
남원농협주유소,제주특별자치도 서귀포시 남원읍 남조로 58,농협알뜰,N
옥구농협주유소,전북 군산시 옥구읍 옥구로 39,농협알뜰,N
영암농협주유소,전남 영암군 영암읍 낭주로 136,농협알뜰,N
고창농협주유소,전북 고창군 고창읍 고인돌대로 1772,농협알뜰,Y
면천농협주유소,충남 당진시 골정길 5,농협알뜰,Y
구좌농협우도지점주유소,제주특별자치도 제주시 우도면 우도로 147,농협알뜰,N
서순창농협주유소,전북 순창군 복흥면 추령로 1181-1,농협알뜰,N
수북농업협동조합,전남 담양군 담양읍 추성1로 749,농협알뜰,N
도곡농협주유소(화순),전남 화순군 도곡면 지석로 1180,농협알뜰,N
천관농협회진지점주유소,전남 장흥군 회진면 회진로 485,농협알뜰,N
안양원예농업협동조합주유소,경기도 안양시 만안구  오리로 60,농협알뜰,Y
서익산농협주유소,전북 익산시 함라면 함라2길 2,농협알뜰,N
천관농협주유소,전남 장흥군 대덕읍 장흥대로 921,농협알뜰,N
정남진장흥농협주유소,전남 장흥군 장흥읍 북부로 6,농협알뜰,N
백산농협주유소,전북 김제시 백산면 학당길 26,농협알뜰,N
광탄농협주유소,경기 파주시 광탄면 신산리 동거리길 41,농협알뜰,N
정읍농협주유소,전북 정읍시 내장산로 135 (금붕동),농협알뜰,Y
선도농협주유소,충남 아산시 선장면 아산만로 603,농협알뜰,N
규암농협은산지점주유소,충남 부여군 은산면 충의로 691,농협알뜰,N
예산농협주유소,충남 예산군 예산읍 벚꽃로 148,농협알뜰,Y
예산능금농협주유소,충청남도 예산군 예산읍 충서로 854,농협알뜰,Y
김제농협 부량지점주유소,전북 김제시 부량면 벽골제로 224,농협알뜰,N
조리농협주유소,경기 파주시 조리읍 통일로 441,농협알뜰,N
동군산농협나포주유소,전북 군산시 나포면 십자들로 622,농협알뜰,N
구좌농협주유소,제주특별자치도 제주시 구좌읍 일주동로 3190,농협알뜰,N
파주농협주유소 봉서지점,경기 파주시 파주읍 통일로 1541,농협알뜰,N
안양농협주유소,전남 장흥군 안양면 용안로 793,농협알뜰,N
안중농협 청북주유소,경기 평택시 청북읍 신포길 41,농협알뜰,N
능주농협주유소,전남 화순군 능주면 화보로 3545,농협알뜰,N
황등농협주유소,전북 익산시 황등면 황등서로 143,농협알뜰,N
부여농협주유소,충남 부여군 부여읍 백제문화로 14,농협알뜰,N
용지농협주유소,전북 김제시 용지면 황토로 755,농협알뜰,N
세도농협주유소,충남 부여군 세도면 부흥로 662,농협알뜰,N
백구농협주유소,전북 김제시 백구면 번영로 2347,농협알뜰,N
고서농업협동조합,전남 담양군 고서면 가사문학로 307,농협알뜰,N
장흥농협주유소,경기 양주시 장흥면 호국로 183,농협알뜰,Y
북익산농협주유소,전북 익산시 함열읍 익산대로 1762,농협알뜰,N
화순농협주유소,전남 화순군 화순읍 쌍충로 74,농협알뜰,N
온양농협주유소,충남 아산시 신창면 서부북로 906,농협알뜰,N
용두농협주유소,전남 장흥군 장동면 곰치로 9,농협알뜰,N
익산농협팔봉지점,전라북도 익산시 무왕로 1400(팔봉동),농협알뜰,N
이양청풍농협주유소,전남 화순군 청풍면 학포로 484,농협알뜰,N
정남농협주유소,경기 화성시 정남면 만년로 552,농협알뜰,N
칠보농협주유소,전북 정읍시 칠보면 태산로 2018,농협알뜰,N
동김제농협주유소,전북 김제시 금구면 봉두4길 59-50,농협알뜰,N
보성농협웅치주유소,전남 보성군 웅치면 일림로 982-1,농협알뜰,N
금산농협주유소,전북 김제시 금산면 봉황로 15,농협알뜰,N
염치농협주유소,충남 아산시 염치읍 아산로 321,농협알뜰,Y
순창농협쌍치지점주유소,전북 순창군 쌍치면 쌍계로 22,농협알뜰,N
둔포농협주유소,충남 아산시 둔포면 충무로 1759,농협알뜰,N
은현농협클린주유소,경기 양주시 은현면 은현로 1148,농협알뜰,Y
천운농협동면주유소,전남 화순군 동면 충의로 833,농협알뜰,N
탄천농협주유소,충남 공주시 탄천면 통산로 232,농협알뜰,N
망성농협주유소,전북 익산시 망성면 무네미길 88,농협알뜰,N
동부여농협주유소,충남 부여군 초촌면 선사로 80,농협알뜰,N
낭산농협주유소,전북 익산시 낭산면 함낭로 973,농협알뜰,N
창평농협주유소,전남 담양군 창평면 의병로 185,농협알뜰,N
강경농협주유소,충남 논산시 강경읍 계백로 57,농협알뜰,Y
양주농협클린주유소,경기 양주시 고덕로 274,농협알뜰,Y
동탄농협주유소,경기 화성시 삼성1로 196,농협알뜰,Y
전곡농협주유소,경기 연천군 전곡읍 평화로 557,농협알뜰,Y
구림농협주유소,전북 순창군 구림면 구림로 449,농협알뜰,N
우성농협주유소,충남 공주시 우성면 차동로 471,농협알뜰,N
천운농업협동조합,전남 화순군 남면 사호로 223,농협알뜰,N
왕궁농협주유소,전북 익산시 왕궁면 왕궁로 494 (왕궁면),농협알뜰,N
배방농협주유소,충남 아산시 배방읍 호서로 429,농협알뜰,N
보성농협만평주유소,전남 보성군 보성읍 송재로 417,농협알뜰,N
동복농협온천주유소,전남 화순군 북면 백아로 2204,농협알뜰,N
회천농협클린주유소,경기 양주시 평화로 1851,농협알뜰,Y
이인농협주유소,충남 공주시 이인면 검바위로 434,농협알뜰,N
서순창농협금과지점주유소,전북 순창군 금과면 금풍로 188,농협알뜰,N
성동농협주유소,충남 논산시 성동면 성동로 581,농협알뜰,N
보성농협주유소,전남 보성군 보성읍 중앙로 55,농협알뜰,N
북전주농협주유소,전라북도 전주시 덕진구  기린대로 1144 (반월동),농협알뜰,Y
은현농협 에너지주유소,경기 양주시 은현면 화합로 1148,농협알뜰,Y
보성농협노동지점주유소,전남 보성군 노동면 광곡길 7,농협알뜰,N
성환농협북부지점 주유소,충남 천안시 서북구 성환읍 천안대로 2436,농협알뜰,Y
노성농협주유소,충남 논산시 노성면 노성로 665,농협알뜰,N
계룡농협주유소,충남 공주시 계룡면 영규대사로 365,농협알뜰,N
천안농협주유소,충청남도 천안시 동남구 풍세면 광풍로 1542,농협알뜰,Y
농협하나로 주유소,충남 공주시 미나리2길 4 (금성동),농협알뜰,N
논산농협성덕지점주유소,충남 논산시 은진면 원앙로 1162,농협알뜰,N
순창농협주유소,전북 순창군 인계면 인덕로 174,농협알뜰,N
평택농협주유소,경기 평택시 만세로 1649,농협알뜰,N
정안농협주유소,충남 공주시 정안면 활원길 48-10,농협알뜰,N
옥과농협주유소,전남 곡성군 옥과면 리문3길 16,농협알뜰,N
NH하나로주유소,경기 성남시 분당구 성남대로43번길 11,농협알뜰,Y
음봉농협주유소,충남 아산시 음봉면 삼성로 561,농협알뜰,N
삼례농협주유소,전북 완주군 삼례읍 삼례나들목로 88,농협알뜰,N
광석농협주유소,충남 논산시 광석면 논산평야로 874,농협알뜰,N
연천농협주유소,경기 연천군 연천읍 평화로 1211,농협알뜰,Y
천안농협원성동 클린셀프주유소,충남 천안시 동남구 중앙로 13 (원성동),농협알뜰,Y
봉동농협클린주유소,전북 완주군 봉동동서로 133,농협알뜰,Y
소흘농협주유소,경기 포천시 소흘읍 검바위길 39,농협알뜰,N
남사농업협동조합,경기도 용인시 처인구 남사면 처인성로185번길 11,농협알뜰,Y
직산농협 클린주유소,충남 천안시 서북구 직산읍 천안밸리로15,농협알뜰,Y
전주농협주유소,전북 전주시 덕진구 완주로 55 (호성동2가),농협알뜰,Y
부귀농협주유소,전북 진안군 부귀면 부귀로 298,농협알뜰,N
진안농협마령지점,전북 진안군 마령면 임진로 2110,농협알뜰,N
팔영농협점암지점주유소,전남 고흥군 점암면 모룡길 87,농협알뜰,N
마장농협주유소,경기 이천시 마장면 덕평로 1072,농협알뜰,N
기성농협주유소,대전 서구 세점길 7 (흑석동),농협알뜰,Y
원삼농협 클린주유소,경기 용인시 처인구 원삼면 죽양대로 1626번길 5,농협알뜰,N
남원농협서부주유소,전라북도 남원시  남문로 202,농협알뜰,N
팔영농협주유소,전남 고흥군 과역면 무궁화길 1,농협알뜰,N
아우내농협동면주유소,충남 천안시 동남구 동면 충절로 2201,농협알뜰,N
흥양농협남부주유소,전남 고흥군 포두면 우주로 1195,농협알뜰,N
남원농협대산지점주유소,전북 남원시 대산면 운교2길 20,농협알뜰,N
백운농협성수지점주유소,전북 진안군 성수면 관진로 804,농협알뜰,N
금광농협주유소,경기 안성시 금광면 진안로 1087,농협알뜰,N
일동농협화현주유소,경기 포천시 화현면 화동로 493,농협알뜰,Y
흥양농협주유소,전남 고흥군 포두면 우주로 588-1,농협알뜰,N
동철원농협주유소,강원 철원군 갈말읍 갈말로 7,농협알뜰,Y
동세종농협주유소,세종특별자치시 연동면 청연로 490,농협알뜰,N
춘향골농업협동조합주유소,전북 남원시 금지면 요천로 266,농협알뜰,N
아우내농협주유소,충남 천안시 동남구 병천면 병천1로 76,농협알뜰,N
벌교농협주유소,전남 보성군 벌교읍 채동선로 734-2,농협알뜰,N
곡성농협오곡주유소,전남 곡성군 오곡면 기차마을로 156,농협알뜰,N
석곡농협죽곡지점주유소,전남 곡성군 죽곡면 대황강로 796,농협알뜰,N
금광농협개산주유소,경기 안성시 금광면 외개산길 55,농협알뜰,N
뉴광주농협주유소,경기 광주시 파발로 97,농협알뜰,Y
오수관촌농협주유소,전북 임실군 관촌면 춘향로 3306,농협알뜰,N
임실농협 주유소,전라북도 임실군 임실읍 호국로 1721,농협알뜰,N
곡성농협주유소,전남 곡성군 곡성읍 곡성로 753,농협알뜰,N
남세종농협주유소,세종특별자치시 금남면 성덕영곡길 15,농협알뜰,Y
운주농협주유소,전북 완주군 운주면 대둔산로 1352,농협알뜰,Y
아우내농협수신지점,충남 천안시 동남구 수신면 수신로 450-3,농협알뜰,N
영북농협주유소,경기 포천시 영북면 호국로 3759,농협알뜰,N
영중농협주유소,경기 포천시 영중면 호국로 2936,농협알뜰,N
서세종농협주유소,세종 연서면 함박로 122,농협알뜰,N
광주농협주유소,경기 광주시 중앙로145번길 6 (경안동),농협알뜰,Y
소양농협주유소,전북 완주군 소양면 소양로 230,농협알뜰,N
동계농협주유소,전북 순창군 동계면 동계1길 35,농협알뜰,N
양촌농협주유소,충남 논산시 양촌면 황산벌로 426,농협알뜰,N
가산농협 내촌주유소,경기 포천시 내촌면 금강로 2229,농협알뜰,Y
춘향골농협대강지점,전북 남원시 대강면 섬진로 816,농협알뜰,N
곡성농협삼기주유소,전남 곡성군 삼기면 곡순로 1186,농협알뜰,N
풍양농협주유소,전남 고흥군 풍양면 고흥로 1166,농협알뜰,N
입장농협주유소,충남 천안시 서북구 입장면 입장로 113,농협알뜰,Y
화산농협주유소,전북 완주군 화산면 화산남로 3,농협알뜰,N
논산계룡농협 하나로마트주유소,충남 논산시 연산면 청동리 18,농협알뜰,N
임실농협 청웅지점 주유소,전북 임실군 청웅면 구고6길 66,농협알뜰,N
순창농협적성지점,전북 순창군 적성면 적성로 128-12,농협알뜰,Y
진접농협주유소,경기 남양주시 진접읍 해밀예당1로 14,농협알뜰,Y
고산농협클린주유소,전북 완주군 고산면 고산천로 582,농협알뜰,N
가산농협주유소,경기 포천시 가산면 가산로 353,농협알뜰,N
이동농협주유소,경기 용인시 처인구 이동면 백옥대로 96,농협알뜰,N
동천안농협주유소,충남 천안시 동남구 목천읍 남부대로 1155,농협알뜰,N
세종전의농협주유소,세종 전의면 매실로 6,농협알뜰,N
논산계룡농협주유소,충남 논산시 가야곡면 덕은로 338,농협알뜰,N
벌교농협서부지소,전라남도 보성군 조성면 예당길 212,농협알뜰,N
미양농협주유소,경기 안성시 미양면 미양로 62,농협알뜰,N
개군농협주유소,경기 양평군 개군면 여양로 2215,농협알뜰,N
율면농협주유소,경기 이천시 율면 고당로 96,농협알뜰,N
청주농협주유소,충북 청주시 상당구 월평로184번길 136 (용암동),농협알뜰,N
덕산농협주유소,충북 진천군 덕산읍 용몽로 6-6,농협알뜰,N
운봉농협주유소,전북 남원시 운봉읍 운성로 26,농협알뜰,N
양평농협주유소,경기 양평군 양평읍 중앙로 178,농협알뜰,N
설성농협주유소,경기 이천시 설성면 진상미로 690 (설성면),농협알뜰,N
양평농협 강상주유소,경기 양평군 강상면 느티나무1길 5,농협알뜰,N
대소농협주유소,충북 음성군 대소면 대동로 875,농협알뜰,N
부발농협주유소,경기 이천시 부발읍 무촌로 173,농협알뜰,N
삼성농협주유소,충북 음성 삼성면 대성로 543,농협알뜰,Y
대월농협주유소,경기 이천시 대월면 대월로 795,농협알뜰,N
금산농협주유소,충남 금산군 남일면 무금로 2161,농협알뜰,N
순천원예농협주유소,전남 순천시 남산로 39,농협알뜰,N
모가농협주유소,경기 이천시 모가면 진상미로 1187,농협알뜰,N
양평농협 옥천주유소,경기 양평군 옥천면 마유산로 454,농협알뜰,N
청주농협북부주유소,충북 청주시 청원구 공항로 97,농협알뜰,Y
가평군농협하나로주유소,경기 가평군 가평읍 경춘로 1785,농협알뜰,N
이천농협주유소,경기 이천시 백사면 이여로 176,농협알뜰,N
구례농협광의주유소,전남 구례군 광의면 매천로 341,농협알뜰,N
순천농협별량주유소,전남 순천시 별량면 우산외동길 2,농협알뜰,N
김화농협주유소,강원 철원군 서면 와수로110번안길 49,농협알뜰,Y
신둔농협주유소,경기 이천시 신둔면 원적로 441,농협알뜰,N
오창농협주유소,충북 청주시 청원구 오창읍 중부로 1022,농협알뜰,Y
남청주농협주유소,충북 청주시 서원구 남이면 청남로 1228,농협알뜰,Y
부귀농협정천지점주유소,전북 진안군 정천면 진용로 1040,농협알뜰,N
호법농협주유소,경기 이천시 호법면 이섭대천로 531,농협알뜰,N
이월농협주유소,충북 진천군 이월면 진광로 765,농협알뜰,N
신탄진농협주유소,대전 대덕구 덕암로 164,농협알뜰,Y
주천농협주유소,전북 진안군 주천면 동상주천로 2202,농협알뜰,N
진안농협주유소,전북 진안군 진안읍 진무로 1146,농협알뜰,N
진천농협주유소,충북 진천군 진천읍 금사로 400,농협알뜰,N
남원농협주유소,전북 남원시 요천로 1844 (고죽동),농협알뜰,Y
진산농협주유소,충남 금산군 진산면 대둔산로 604,농협알뜰,N
백운농협주유소,전북 진안군 백운면 임진로 1305,농협알뜰,N
(주)농협대전유통 하나로주유소,대전 중구 대둔산로199번길 43,농협알뜰,Y
삼죽농협주유소,경기 안성시 삼죽면 삼백로 9,농협알뜰,N
백암농협주유소,경기 용인시 처인구 백암면 백암로 196,농협알뜰,N
영귀미주유소,강원 홍천군 영귀미면 공작산로 487,농협알뜰,N
수곡농협,경남 진주시 수곡면 곤수로 922,농협알뜰,N
원주농협주유소,강원 원주시 호저로 226 (가현동),농협알뜰,Y
서상주농협화동지점주유소,경북 상주시 화동면 중화로 1470,농협알뜰,Y
화촌농협주유소,강원 홍천군 화촌면 구룡령로 40,농협알뜰,N
금오농협 진교지점 주유소,경남 하동군 진교면 경충로 1065,농협알뜰,N
남거창농협주유소,경남 거창군 남상면 수남로 1841,농협알뜰,N
공근농협주유소 상창봉점,강원 횡성군 공근면 영서로 1072,농협알뜰,N
거창농협주유소,경남 거창군 거창읍 거함대로 3179,농협알뜰,N
거창사과원예농협주유소,경남 거창군 거창읍 수남로 2245,농협알뜰,Y
새남해농협하나로마트설천점,경남 남해군 설천면 설천로 647,농협알뜰,N
남원주농협주유소,강원 원주시 흥업면 사제로 5,농협알뜰,N
북부농협 하성지소,경남 거창군 웅양면 웅양로 2313,농협알뜰,N
중화농협-화북,경북 상주시 화북면 문장로 1725,농협알뜰,N
남거창농협신원지점주유소,경남 거창군 신원면 신차로 3099,농협알뜰,N
중원농협주유소,충청북도 충주시 동량면 충원대로 1317,농협알뜰,Y
금오농협주유소,경남 하동군 양보면 진양로 739,농협알뜰,N
수승대농협주유소,경남 거창군 마리면 빼재로 19,농협알뜰,N
산청군농협금서주유소,경남 산청군 금서면 친환경로 2540,농협알뜰,N
옥종농협주유소,경남 하동군 옥종면 주포중앙길 28,농협알뜰,N
동남해농업협동조합남면지소,경남 남해군 남면 남서대로 810,농협알뜰,N
횡성농협 유현지점주유소,강원 횡성군 서원면 경강로 800,농협알뜰,Y
새남해농협 고현주유소,경남 남해군 고현면 남해대로 3294,농협알뜰,N
충주농협주유소,충북 충주시 탄금대로 364,농협알뜰,Y
새남해농업협동조합설천주유소,경남 남해군 설천면 설천로 128,농협알뜰,N
보은농협장안주유소,충북 보은군 장안면 장안로 4,농협알뜰,N
함양농협 유림주유소,경남 함양군 유림면 화촌장항로 5,농협알뜰,N
주덕농협주유소,충북 충주시 주덕읍 신양로 34,농협알뜰,N
괴산농협주유소,충북 괴산군 괴산읍 읍내로 272,농협알뜰,N
남보은농협탄부지점주유소,충북 보은군 탄부면 삼승탄부로 729,농협알뜰,N
안의농협주유소,경남 함양군 안의면 광풍로 82-6,농협알뜰,N
새남해농협남상지점주유소,경남 남해군 서면 남서대로 2215,농협알뜰,N
문막농협,강원 원주시 문막읍 문막시장1길 19,농협알뜰,N
불정농협주유소,충북 괴산군 불정면 한불로 1308,농협알뜰,N
새남해농업협동조합서면주유소,경남 남해군 서면 스포츠로 679,농협알뜰,N
신북농업협동조합(주유소),강원 춘천시 신북읍 율문길 71,농협알뜰,N
양동농협주유소,경기 양평군 양동면 여양3로 661,농협알뜰,N
문막농협부론지점주유소,강원 원주시 부론면 법천시장길 7,농협알뜰,N
춘천농협주유소 엔타점,강원 춘천시 후석로 120,농협알뜰,N
영동농협주유소,충북 영동군 영동읍 난계로 875,농협알뜰,Y
광양동부농협주유소,전남 광양시 진월면 선소중앙길 84,농협알뜰,N
서홍천농협주유소(본점),강원 홍천군 남면 시동로 62,농협알뜰,Y
동춘천농협클린주유소,강원 춘천시 동내면 학곡동2길 11,농협알뜰,N
지곡농협주유소,경남 함양군 지곡면 지곡창촌길 14,농협알뜰,N
춘천원예농협주유소,강원도 춘천시 영서로 3176 (신동),농협알뜰,N
춘천농협주유소,강원 춘천시 사우4길 10-1 (우두동),농협알뜰,Y
북충주농협주유소,충북 충주시 앙성면 가곡로 821,농협알뜰,N
화개악양농협 악양지점주유소,경남 하동군 악양면 악양서로 342,농협알뜰,N
화천농협주유소, 강원도 화천군 화천읍 상승로 39,농협알뜰,Y
진상농협주유소,전남 광양시 진상면 옥진로 1077,농협알뜰,N
서춘천농협주유소,강원 춘천시 서면 박사로 1266,농협알뜰,Y
점동농협셀프주유소,경기 여주시 청안로 180,농협알뜰,Y
서홍천농협두미지점주유소,강원 홍천군 서면 팔봉산로 545,농협알뜰,N
동광양농협 주유소,전라남도 광양시 성황대로 71,농협알뜰,Y
광양동부농협 옥곡주유소,전남 광양시 옥곡면 옥진로 661,농협알뜰,N
여주농협클린주유소,경기 여주시 세종로 421-7,농협알뜰,Y
증평농협사리주유소,충북 괴산군 사리면 모래재로 323,농협알뜰,N
지리산마천 농협 클린주유소,경남 함양군 마천면 천왕봉로 1178,농협알뜰,N
무주농협적상지점,전북 무주군 적상면 적상산로 8,농협알뜰,N
남해화학(주)여천하나로주유소,전남 여수시 좌수영로 925,농협알뜰,Y
보은농협내북지점주유소,충북 보은군 내북면 남부로 6248,농협알뜰,N
여천농협주유소,전남 여수시 도원로 163,농협알뜰,N
감곡농협주유소, 충북 음성군 감곡면 음성로 2608,농협알뜰,N
지리산농협주유소,전북 남원시 인월면 천왕봉로 45,농협알뜰,N
지리산농협 아영지점주유소,전북 남원시 아영면 아백로 371,농협알뜰,N
용문농협주유소,경기 양평군 용문면 용문로 450,농협알뜰,N
광양농협 옥룡지점주유소,전남 광양시 옥룡면 신재로 617,농협알뜰,N
장호원농협주유소,경기 이천시 장호원읍 경충대로 162,농협알뜰,N
금왕농협주유소,충북 음성군 금왕읍 금일로 71,농협알뜰,Y
장계농협주유소,전북 장수군 장계면 장무로 203,농협알뜰,N
광양농협주유소,전남 광양시 광양읍 순광로 667,농협알뜰,N
광양원예농협목성주유소,전남 광양시 광양읍 유당로 31-1,농협알뜰,N
진안농협안천지점,전북 진안군 안천면 진무로 3022,농협알뜰,N
진안농협 동향지점주유소,전라북도 진안군 동향면 진성로 1612,농협알뜰,N
부리농협주유소,충남 금산군 부리면 무금로 1585,농협알뜰,N
무주농협 부남지점,전라 무주군 부남면 부남로 866-2,농협알뜰,N
여천농협 율촌주유소,전남 여수시 율촌면 율촌로 110,농협알뜰,N
능서농협주유소,경기 여주시 능서면 마장로 9,농협알뜰,N
광양원예농협백운주유소,전남 광양시 광양읍 매천로 757,농협알뜰,N
대산농협주유소,경남 함안군 대산면 대산중앙로 172,농협알뜰,N
남지농협고곡주유소,경남 창녕군 남지읍 박진로 992,농협알뜰,N
거진농협주유소,강원 고성군 거진읍 거탄진로 44,농협알뜰,N
대화농협주유소,강원 평창군 대화면 평창대로 572,농협알뜰,Y
하빈농협 클린주유소,대구 달성군 하빈면 하빈로 380,농협알뜰,N
영월농협주유소,강원 영월군 영월읍 하송로 156,농협알뜰,N
영월농협주유소 청령포점,강원 영월군 영월읍 영월로 1850,농협알뜰,N
예천농협주유소,경북 예천군 예천읍 충효로 272,농협알뜰,N
현풍농협주유소,대구 달성군 현풍면 테크노북로 87,농협알뜰,N
다산농협주유소,경상 고령군 다산면 다산로 705,농협알뜰,N
금강농협주유소,강원 고성군 간성읍 간성로 32,농협알뜰,N
통영축산농협주유소,경남 통영시 용남면 남해안대로 246,농협알뜰,N
고성동부농협주유소,경남 고성군 동해면 봉암3길 3 동부농협주유소,농협알뜰,Y
논공농협주유소,대구 달성군 논공읍 비슬로314길 57,농협알뜰,Y
예천농협용문주유소,경북 예천군 용문면 용문경천로 1247,농협알뜰,N
예천하리농협주유소,경북 예천군 은풍면 도효자로 894,농협알뜰,N
가야농협함읍지점주유소,경남 함안군 함안면 성산로 6,농협알뜰,N
해평농협주유소,경북 구미시 해평면 강동로 1970,농협알뜰,N
봉평농협주유소,강원 평창군 봉평면 경강로 1233,농협알뜰,N
동고성농협주유소,경남 고성군 회화면 남해안대로 3768,농협알뜰,Y
평창농협주유소,강원도 평창군 평창읍 서동로 2569 (평창읍),농협알뜰,N
동부농협주유소,경남 의령군 지정면 함의로 1448번지,농협알뜰,N
한반도농협남면지점주유소,강원 영월군 남면 영월로 971,농협알뜰,Y
다인농협주유소,경북 의성군 다인면 서부로 2809,농협알뜰,N
선남농협클린주유소,경북 성주군 선남면 성주로 3963,농협알뜰,N
단양농협주유소,충북 단양군 단양읍 삼봉로 368,농협알뜰,Y
고성농협주유소,경남 고성군 고성읍 송학로 110,농협알뜰,Y
용암농협주유소,경북 성주군 용암면 상언3길 3,농협알뜰,N
군북농협주유소,경남 함안군 군북면 중암4길 3,농협알뜰,Y
남예천농협주유소,경북 예천군 풍양면 상풍로 1457,농협알뜰,N
선산농협주유소,경북 구미시 선산대로 1432,농협알뜰,N
기린농협주유소,강원 인제군 기린면 내린천로 3996,농협알뜰,N
동문경농협 동로지점주유소,경북 문경시 동로면 노은1길 25,농협알뜰,N
낙동농협클린주유소,경북 상주시 낙동면 상촌1길 47,농협알뜰,N
의령농협클린주유소,경남 의령군 의령읍 의병로 171,농협알뜰,Y
동문경농협 산북주유소,경북 문경시 산북면 금천로 695,농협알뜰,Y
한반도농협주유소,강원 영월군 주천면 송학주천로 1367,농협알뜰,Y
진주진양농협주유소,경남 진주시 사봉면 사군로 9,농협알뜰,N
합천동부농협주유소,경남 합천군 초계면 동부로 1155,농협알뜰,N
고령농협클린주유소,경북 고령군 대가야읍 대가야로 1387,농협알뜰,N
남예천용궁주유소,경북 예천군 용궁면 용궁로 123,농협알뜰,N
북단양농협 각기주유소,충북 단양군 적성면 적성로 191,농협알뜰,N
성주농협주유소,경북 성주군 성주읍 성주읍1길 1,농협알뜰,N
제천농협주유소,충북 제천시 의림대로 394,농협알뜰,N
벽진농협주유소,경북 성주군 벽진면 수촌길 16,농협알뜰,N
제천농협송학주유소,충북 제천시 송학면 송학주천로 431,농협알뜰,N
춘천강동농협주유소,강원 춘천시 동면 춘천로 469,농협알뜰,Y
선진농협주유소,전남 진도군 고군면 오일시1길 82,농협알뜰,N
서석농협주유소,강원 홍천군 서석면 구룡령로 2491,농협알뜰,N
금곡농협주유소,경남 진주시 금곡면 월아산로 113,농협알뜰,N
무을농협주유소,경북 구미시 무을면 문화마을길 5,농협알뜰,Y
동횡성농협청일지점,강원 횡성군 청일면 청정로 838,농협알뜰,N
가야농협야로주유소,경남 합천군 야로면 가야산로 680,농협알뜰,Y
진주문산농협주유소,경남 진주시 문산읍 동부로 528,농협알뜰,N
합천농협주유소,경남 합천군 합천읍 대야로 904,농협알뜰,N
서부농협주유소,경북 성주군 가천면 가천로 29,농협알뜰,N
상주원예농협주유소,경북 상주시 아리랑로 55,농협알뜰,N
진주동부농협주유소,경남 진주시 진산로 230 (장재동),농협알뜰,Y
동횡성농협갑천지점,강원 횡성군 갑천면 청정로 323,농협알뜰,N
정동농협주유소,경남 사천시 정동면 상정대로 2540-27,농협알뜰,N
남상주농협주유소,경북 상주시 청리면 남상주로 1044,농협알뜰,N
가야농협주유소,경남 합천군 가야면 가야시장로 27,농협알뜰,N
합천새남부농협 쌍백지점주유소,경남 합천군 쌍백면 청정로 3,농협알뜰,N
신림농협주유소,강원도 원주시 신림면 신림황둔로 99 (신림면),농협알뜰,Y
공성농협주유소,경북 상주시 공성면 남상주로 275,농협알뜰,N
내촌농협 클린주유소,강원 홍천군 내촌면 도관길 12,농협알뜰,N
남상주농협외남지점주유소,경북 상주시 외남면 신상송지길 12,농협알뜰,N
사천농협주유소,경남 사천시 사천읍 무산로 8,농협알뜰,N
진주중부농협주유소,경남 진주시 집현면 진산로 627,농협알뜰,Y
봉양농협주유소,충북 제천시 봉양읍 북부로 1152,농협알뜰,N
합천호농협주유소,경남 합천군 용주면 고품용덕길 6,농협알뜰,N
진주남부농협정촌주유소,경남 진주시 정촌면 화개천로 120,농협알뜰,Y
진주서부농협클린주유소,경남 진주시 서장대로 215,농협알뜰,Y
용현농협주유소,경남 사천시 용현면 진삼로 640,농협알뜰,N
진주남부농협내동주유소,경남 진주시 내동면 순환로 367,농협알뜰,Y
은척농협주유소,경북 상주시 은척면 성주로 754,농협알뜰,N
사남농협주유소,경남 사천시 사남면 진삼로 1107,농협알뜰,N
김천농협클린주유소,경북 김천시 영남대로 1315,농협알뜰,Y
서문경농업협동조합,경북 문경시 농암면 농암길 62,농협알뜰,N
동거창농협,경남 거창군 가조면 가조가야로 1051,농협알뜰,N
창선농협주유소,경남 남해군 창선면 창선로 38,농협알뜰,N
백운농협주유소,충북 제천시 백운면 구학산로 32,농협알뜰,Y
합천새남부농협가회지점,경남 합천군 가회면 황매산로 34,농협알뜰,N
양구농협동면지점주유소,강원 양구군 동면 금강산로 1696,농협알뜰,N
중화농협주유소,경북 상주시 화서면 화령로 80,농협알뜰,N
공근농협주유소,강원 횡성군 공근면 영서로 85,농협알뜰,N
산청군농협단성지소,경남 산청군 단성면 목화로 954,농협알뜰,N
산척농협주유소,충북 충주시 산척면 북부로 3108,농협알뜰,Y
곤명농협 곤양지점주유소,경남 사천시 곤양면 남산로 75,농협알뜰,N
모서농협주유소,경북 상주시 모서면 백화로 1433,농협알뜰,N
서포농협서포주유소,경남 사천시 서포면 서포로 322,농협알뜰,N
곤명농협주유소,경남 사천시 곤명면 경서대로 3395-1,농협알뜰,N
양구농협주유소,강원 양구군 양구읍 춘양로 2641,농협알뜰,N
횡성농협클린주유소,강원 횡성군 횡성읍 한우로 323,농협알뜰,Y
남창원농협주유소,경남 창원시 성산구 가음로92번길 5 (가음동),농협알뜰,Y
서청도농협주유소 양원점,경북 청도군 이서면 양원길 74,농협알뜰,N
대관령농협주유소,강원 평창군 대관령면 경강로 5167,농협알뜰,N
북안동농협주유소,경북 안동시 북후면 북평로 979,농협알뜰,N
여량농협주유소,강원 정선군 여량면 서동로 2783,농협알뜰,N
장승포농협주유소,경남 거제시 거제대로 3513 (아주동),농협알뜰,Y
영주농협부석지점주유소,경북 영주시 부석면 소천로 29,농협알뜰,N
새청도농협각남주유소,경북 청도군 각남면 예리3길 5,농협알뜰,N
남안동농협주유소,경북 안동시 남후면 경북대로 7889,농협알뜰,Y
안동농협주유소,경북 안동시 경동로 173,농협알뜰,N
금성농협주유소,경북 의성군 금성면 동부로 2336,농협알뜰,N
청도농협주유소,경남 밀양시 청도면 청도로 157,농협알뜰,N
새청도농협풍각주유소,경북 청도군 풍각면 송서5길 21,농협알뜰,N
가창농협주유소,대구 달성군 가창면 가창로 1124,농협알뜰,N
영주농협주유소,경북 영주시 구성로 11 (조암동),농협알뜰,Y
양양농협주유소,강원 양양군 양양읍 동해대로 2662,농협알뜰,Y
서청도농협각북점주유소,경북 청도군 각북면 헐티로 821,농협알뜰,N
강현농업협동조합(강현농협주유소),강원 양양군 강현면 동해대로 3415,농협알뜰,Y
의성중부농협주유소,경북 의성군 봉양면 도리원3길 46,농협알뜰,N
농협경제지주군위주유소,경북 군위군 효령면 경북대로 2185-1,농협알뜰,Y
의성중부농협안평주유소,경북 의성군 안평면 봉호로 879,농협알뜰,N
영산농협주유소,경남 창녕군 길곡면 낙동로 1383,농협알뜰,N
군위농협클린주유소,경북 군위군 군위읍 중앙길 146,농협알뜰,N
안정농협주유소,경북 영주시 안정면 신재로 548,농협알뜰,Y
서광농협송천주유소,강원 양양군 서면 구룡령로 2948,농협알뜰,N
진부농협주유소,강원 평창군 진부면 진부중앙로 15,농협알뜰,Y
풍기농협주유소,경북 영주시 풍기읍 기주로 51,농협알뜰,N
삼칠농협주유소,경남 함안군 칠원읍 삼칠로 129,농협알뜰,N
사등농협주유소,경남 거제시 사등면 거제대로 5733,농협알뜰,N
토성농협주유소,강원 고성군 토성면 동해대로 5199,농협알뜰,Y
산동농협주유소,경북 구미시 장천면 강동로 301,농협알뜰,N
진동농협주유소,경남 창원시 마산합포구 진동면 삼진의거대로 658,농협알뜰,N
창녕농협주유소,경남 창녕군 창녕읍 창녕대로 38,농협알뜰,Y
다사농협클린주유소,대구 달성군 다사읍 서재로 83,농협알뜰,N
서안동농협풍천지점,경북 안동시 풍천면 지풍로 1485,농협알뜰,N
둔덕농협주유소,경남 거제시 둔덕면 거제남서로 4576-6,농협알뜰,N
단양소백농협주유소,충북 단양군 영춘면 강변로 311,농협알뜰,N
옥포농협클린주유소,대구 달성군 옥포면 비슬로 2259,농협알뜰,N
군위농협소보주유소,경북 군위군 소보면 송원3길 18,농협알뜰,N
남지농협주유소,경남 창녕군 남지읍 박진로 1719,농협알뜰,N
세종동부농협주유소,세종특별자치시 부강면 부강외천로 10,농협알뜰,Y
포곡농협가득채움주유소,경기 용인시 처인구 포곡읍 석성로 871,농협알뜰,Y
남영양농협주유소,경북 영양군 입암면 입암로 42,농협알뜰,N
묵호농협주유소,강원 동해시 발한로 39 (부곡동),농협알뜰,Y
청송농협주유소,경북 청송군 청송읍 중앙로 240,농협알뜰,N
청송농협부남주유소,경북 청송군 부남면 대전로 156,농협알뜰,N
청송농협진보지점주유소,경북 청송군 진보면 진안로 13,농협알뜰,N
양산농협주유소,경남 양산시 양산대로 951,농협알뜰,N
남청송농협주유소,경북 청송군 현동면 도평관길 7,농협알뜰,N
옥계농협주유소,강원 강릉시 옥계면 현내시장길 14,농협알뜰,N
임고농협클린주유소,경북 영천시 임고면 포은로 422,농협알뜰,N
명지농협주유소,부산 강서구 르노삼성대로 572 (명지동),농협알뜰,Y
남청송농협안덕지점,경북 청송군 안덕면 안덕로 50,농협알뜰,N
봉화농협재산지점주유소,경북 봉화군 재산로 599,농협알뜰,N
태백농협주유소,강원 태백시 태백로 708 (화전동),농협알뜰,N
영남화훼원예농협주유소,경상남도 김해시  분성로 465 (활천동),농협알뜰,Y
김해농협주유소,경남 김해 삼정동 김해대로 2476,농협알뜰,Y
동안동농협임동주유소,경북 안동시 임동면 경동로 2640,농협알뜰,N
춘양농협주유소,경북 봉화군 춘양면 소천로 36,농협알뜰,Y
안동와룡농협월곡주유소,경북 안동시 예안면 오리실길 3,농협알뜰,N
부산축산업협동조합 농협주유소,부산광역시 강서구  낙동남로 448 (녹산동),농협알뜰,N
금호농협클린주유소,경상북도 영천시 금호읍 금창로 76,농협알뜰,N
동안동농협주유소,경북 안동시 길안면 충효로 2262,농협알뜰,N
현서농협주유소,경북 청송군 현서면 청송로 1155,농협알뜰,N
강릉농협주유소,강원 강릉시 유산로 19 (유산동),농협알뜰,N
동안동농협임하주유소,경북 안동시 임하면 금소길 484,농협알뜰,N
삼랑진농협주유소,경남 밀양시 삼랑진읍 삼랑진로 186,농협알뜰,N
매전농협주유소,경북 청도군 매전면 청려로 3763,농협알뜰,N
김해농협서김해주유소,경남 김해시 금관대로 1013 (풍유동),농협알뜰,Y
강릉원예농협주유소,강원 강릉시 경강로 1932 (홍제동),농협알뜰,N
강릉농협 성산주유소,강원 강릉시 성산면 구산길 16,농협알뜰,N
진량농협클린주유소,경북 경산시 진량읍 다문로 31,농협알뜰,N
동밀양농협주유소,경남 밀양시 산외면 산외로 435,농협알뜰,N
하양농협주유소,경북 경산시 하양읍 금송로 139,농협알뜰,N
안동와룡농협도산주유소,경북 안동시 도산면 퇴계로 2572,농협알뜰,N
장유농협주유소,경남 김해시 장유로 415 (신문동),농협알뜰,Y
사천농협클린주유소,강원 강릉시 사천면 동해대로 3739,농협알뜰,N
임계농협주유소,강원 정선군 임계면 서동로 4570 (임계면),농협알뜰,N
북강릉농협주유소,강원 강릉시 주문진읍 신영길 43,농협알뜰,N
군위농협고로지점,경북 군위군 삼국유사면 삼국유사로 452,농협알뜰,N
진량농협서부주유소,경북 경산시 진량읍 대학로 946,농협알뜰,N
삼랑진농협임천주유소,경남 밀양시 삼랑진읍 삼랑진로 1319,농협알뜰,N
진례농협주유소농기계센터,경남 김해시 진례면 서부로 558,농협알뜰,Y
안동농협용상주유소,경북 안동시 경동로 1014,농협알뜰,N
안동와룡농협 영농지원센터 주유소,경북 안동시 와룡면 퇴계로 839-1,농협알뜰,N
밀양농협주유소,경남 밀양시 상남면 밀양대로 1472,농협알뜰,N
새의성농협주유소,경북 의성군 점곡면 의성길안로 1198,농협알뜰,N
북안동농협 녹전지점,경북 안동시 녹전면 녹전로 712,농협알뜰,N
하조대농협주유소,강원 양양군 현남면 화상천로 5-4,농협알뜰,Y
물야농협주유소,경북 봉화군 물야면 오록길 2,농협알뜰,N
봉화농협주유소,경북 봉화군 봉화읍 예봉로 2021,농협알뜰,Y
청도농협주유소,경상북도 청도군 화양읍 청화로 19,농협알뜰,Y
부북농업협동조합주유소,경남 밀양시 창밀로 3509 (내이동),농협알뜰,N
봉화농협상운지점주유소,경북 봉화군 상운면 예봉로 1212,농협알뜰,N
경산농협주유소,경북 경산시 대학로 204 (계양동),농협알뜰,Y
양남농협주유소,경북 경주시 양남면 동해안로 445,농협알뜰,Y
금정농협주유소,전남 영암군 금정면 영나로 915,농협알뜰,N
동해농협클린주유소,강원 동해시 대동로 249 (송정동),농협알뜰,Y
장기농협주유소,경북 포항시 남구 장기면 읍내길 86-1,농협알뜰,N
문막농협공단클린주유소,강원 원주시 문막읍 원문로 2075,농협알뜰,Y
장성농협주유소,전남 장성군 장성읍 뱃나드리로 245,농협알뜰,Y
운남농협주유소,전남 무안군 운남면 운해로 578-7,농협알뜰,N
북영덕농협주유소,경북 영덕군 병곡면 영덕로 2133,농협알뜰,N
영해농협휴게주유소,경북 영덕군 영해면 동해대로 6568,농협알뜰,N
영해농협주유소,경북 영덕군 영해면 영덕로 1940,농협알뜰,N
영덕울진축협주유소,경북 영덕군 축산면 동해대로 5937,농협알뜰,N
동해농협주유소,경북 포항시 남구 동해면 일월로 113,농협알뜰,N
포항농협주유소,경북 포항시 북구 중앙로 426 (우현동),농협알뜰,N
북면농협주유소,경북 울진군 북면 울진북로 1730,농협알뜰,Y
영덕농협주유소,경북 영덕군 영덕읍 영덕로 220,농협알뜰,N
강구농협남정지점주유소,경북 영덕군 남정면 산정로 7,농협알뜰,N
강구농협주유소,경북 영덕군 강구면 강구시장길 40-6,농협알뜰,N
울진농협주유소/충전소,경북 울진군 울진읍 울진북로 684,농협알뜰,N
신포항농협송라지점,경북 포항시 북구 송라면 보경로 70-38,농협알뜰,N
불국사농협주유소,경북 경주시 산업로 2906 (시래동),농협알뜰,N
외동농협주유소,경상북도 경주시 외동읍 산업로 2460,농협알뜰,Y
온양농협주유소,울산 울주군 온양읍 온양로 195,농협알뜰,Y
원덕농협주유소,강원 삼척시 원덕읍 가곡천로 3021,농협알뜰,N
동부산농협클린주유소,부산 기장군 일광면 기장대로 1037,농협알뜰,Y
신포항농협신광지점주유소,경북 포항시 북구 신광면 비학로 803,농협알뜰,N
서포항농협상옥지점,경북 포항시 북구 죽장면 죽장로 1834,농협알뜰,N
안강농협주유소,경북 경주시 안강읍 안현로 1586,농협알뜰,N
서포항농협기북주유소,경북 포항시 북구 기북면 기북로 420,농협알뜰,N
현곡농협클린주유소,경상북도 경주시 현곡면 용담로 502,농협알뜰,N
경주농협주유소,경북 경주시 태종로 707 (노서동),농협알뜰,N
서포항농협주유소,경북 포항시 북구 기계면 기계로57번길 22,농협알뜰,N
남영양농협 석보지점주유소,경북 영양군 석보면 원리3길 3,농협알뜰,N
삼척농협주유소/충전소,강원 삼척시 동해대로 4298 (갈천동),농협알뜰,N
청송농협 주왕산주유소,경북 청송군 주왕산면 주왕산로 1264,농협알뜰,N
영양농협주유소,경북 영양군 영양읍 영양창수로 136-7,농협알뜰,N
서포항농협죽장지점,경북 포항시 북구 죽장면 새마을로 3604,농협알뜰,N
상북농협주유소,울산광역시 울주군 상북면 길천산업로 139,농협알뜰,Y
강내농협주유소,충북 청주시 흥덕구 강내면 가로수로 570,농협알뜰,Y
양성농협주유소,경기 안성시 양성면 만세로 627,농협알뜰,N
논산농협주유소,충남 논산시 대학로 48,농협알뜰,Y
청천농협주유소,충북 괴산군 청천면 괴산로 1352,농협알뜰,N
남산농협주유소,강원 춘천시 남산면 강촌로 395-1,농협알뜰,Y
대신농협클린주유소,경기 여주시 대신면 여양로 1537,농협알뜰,Y
해남농협 마산주유소,전라남도 해남군 마산면 마산로 398,농협알뜰,N
안중농협송담주유소,경기 평택시 현덕면 송담1로 10,농협알뜰,N
영순농협주유소,경북 문경시 영순면 영순로 181,농협알뜰,N
서강화농협주유소,인천 강화군 교동면 교동동로 480,농협알뜰,N
용문농협단월주유소,경기 양평군 단월면 보룡길 88,농협알뜰,N
농소농협주유소,울산 북구 매곡로 11,농협알뜰,Y
대가농협클린주유소,경북 성주군 대가면 가야로 4179,농협알뜰,N
관산농협주유소,전남 장흥군 관산읍 관산우회로 106-36,농협알뜰,N
함창농협주유소,경북 상주시 함창읍 오동리 565-7,농협알뜰,Y
세종중앙농협주유소,세종특별자치시 연기면 잣띠길 4,농협알뜰,Y
영천농협 클린주유소,경북 영천시 장천2길 23,농협알뜰,N
의성중부농협신평주유소,경북 의성군 신평면 봉호로 2413,농협알뜰,N
전곡농협 백학주유소,경기 연천군 백학면 청정로 516-1,농협알뜰,Y
강구농협달산지점주유소,경북 영덕군 달산면 팔각산로 1828-13,농협알뜰,N
강화농협주유소,인천 강화군 강화읍 중앙로 70,농협알뜰,Y
화개악양농협본점,경남 하동군 화개면 섬진강대로 3748-5,농협알뜰,Y
오천농협원산도지점주유소,충남 보령시 오천면 원산도3길 66,농협알뜰,Y
음성농협주유소,충북 음성군 음성읍 중앙로 23,농협알뜰,N
봉산농협주유소,전라남도 담양군 봉산면 면앙정로 266,농협알뜰,N
거금도농협주유소,전남 고흥군 금산면 거금중앙길 117,농협알뜰,N
고경농협클린주유소,경북 영천시 고경면 호국로 1087,농협알뜰,N
성산일출봉농협주유소,제주특별자치도 서귀포시 성산읍 일주동로 4521,농협알뜰,N
남원주농협주유소 귀래지점,강원 원주시 귀래면 북원로 105,농협알뜰,N
다시농협주유소,전남 나주시 다시면 다시로 175-14,농협알뜰,N
웅천농협주유소,경남 창원시 진해구 웅천서로 38 (남문동),농협알뜰,Y
삼척농협하장지점주유소,강원 삼척시 하장면 백두대간로 2689,농협알뜰,N
양구군농협 해안지점주유소,강원 양구군 해안면 해안서화로 22-4,농협알뜰,N
(주)캘리스코 논공(광주)휴게소점,대구 달성군 논공읍 광주대구고속도로 169,고속도로알뜰,Y
(주)캘리스코 논공(대구)휴게소점주유소/충전소,대구 달성군 논공읍 광주대구고속도로 170,고속도로알뜰,Y
서천(목포)주유소/충전소,충남 서천군 비인면 서해안고속도로 169,고속도로알뜰,Y
서창산업(주) 서천(서울방향)주유소,충남 서천군 비인면 서해안고속도로 168,고속도로알뜰,Y
㈜케이알산업 홍성(하)주유소/충전소,충남 홍성군 은하면 서해안고속도로 221,고속도로알뜰,Y
㈜케이알산업 홍성(상)주유소/충전소,충남 홍성군 은하면 서해안고속도로 220,고속도로알뜰,Y
㈜태경비케이 서산(상)주유소/충전소,충남 서산시 해미면 서해안고속도로 242,고속도로알뜰,N
㈜태경비케이 서산(하)주유소/충전소,충남 서산시 해미면 서해안고속도로 241,고속도로알뜰,Y
대보디앤에스㈜함평나비(무안)주유소/충전소,전라남도 함평군 엄다면 무안광주고속도로 11-1,고속도로알뜰,Y
대보디앤에스(주)함평나비(광주)주유소,전남 함평군 엄다면 무안광주고속도로12-1,고속도로알뜰,Y
태경산업(주)함평무안주유소,전남 함평군 함평읍 서해안고속도로 31-1,고속도로알뜰,Y
함평천지(시흥방향)주유소/충전소,전남 함평군 손불면 서해안고속도로 38,고속도로알뜰,Y
부여백제(서천)주유/충전소,충남 부여군 내산면 서천공주고속도로 25,고속도로알뜰,Y
부여백제(공주)주유/충전소,충남 부여군 내산면 서천공주고속도로 26,고속도로알뜰,Y
백양사(순천)주유소/충전소,전남 장성군 북이면 호남고속도로 107-1,고속도로알뜰,Y
군산(서울)충전소주유소,전북 군산시 군산시 서해안고속도로 148,고속도로알뜰,N
한국도로공사 백양사(논산)주유소/충전소,전남 장성군 북일면 박산리 호남고속도로 108-1,고속도로알뜰,Y
장흥 정남진주유소,전남 장흥군 부산면 남해고속도로 41,고속도로알뜰,Y
대보유통㈜화성(하)목포방향,경기 화성시 팔탄면 서해안고속도로 301-1,고속도로알뜰,Y
대보유통㈜ 화성(상)주유소/충전소,경기 화성시 팔탄면 서해안고속도로 302-1,고속도로알뜰,Y
정읍주유소 천안방향,전북 정읍시 북면 하북1길 227-23,고속도로알뜰,Y
㈜선인상사 예산(대전방향)주유소,충남 예산군 신양면 당진영덕고속도로 34,고속도로알뜰,Y
㈜선인상사 예산(당진방향)주유소/충전소,충남 예산군 신양면 당진영덕고속도로 33,고속도로알뜰,Y
정읍(하)주유소/충전소,전북 정읍시 북면 정신로 135-61,고속도로알뜰,Y
군산무안주유소/충전소,전북 군산시 서해안고속도로 141,고속도로알뜰,Y
이서(순천방향)주유소/충전소,전북 완주군 이서면 호남고속도로 161-1,고속도로알뜰,Y
이서(천안방향)주유소/충전소,전북 완주군 이서면 호남고속도로 162,고속도로알뜰,Y
만남의광장주유소,서울 서초구 양재대로12길 73-71,고속도로알뜰,Y
대보유통(주) 안성(서울)주유소/충전소,경기 안성시 경부고속도로 372-1,고속도로알뜰,Y
시카프관광개발(주) 곡성(순천)주유소,전남 곡성군 겸면 호남고속도로 49-1,고속도로알뜰,Y
서창산업㈜죽전(상)주유소,경기 용인시 수지구 용구대로2771번길 37 (죽전동),고속도로알뜰,Y
㈜한미석유 기흥주유소/충전소,경기 용인시 기흥구 공세로 173,고속도로알뜰,Y
대보건설(주)보성(목포)주유소/충전소,전남 보성군 미력면 남해고속도로 63,고속도로알뜰,Y
여산(하)주유소/충전소,전북 익산시 여산면 호남고속도로 191,고속도로알뜰,Y
우리유통여산(상)주유소/충전소,전북 익산시 여산면 호남고속도로 192,고속도로알뜰,Y
(주)원일유통 강천산(대구)주유소,전북 순창군 순창읍 광주대구고속도로 28,고속도로알뜰,Y
한국도로공사 안성(부산방향)주유소/충전소,경기 안성시 원곡면 경부고속도로 365,고속도로알뜰,Y
오수(순천방향)주유소(하),전북 임실군 오수면 순천완주고속도로 73,고속도로알뜰,Y
오수(완주방향)주유소(상),전북 임실군 오수면 순천완주고속도로 74,고속도로알뜰,N
(주)바이오시스벌곡주유소/충전소,충남 논산시 벌곡면 호남지선고속도로 25,고속도로알뜰,Y
(주)서원 안성맞춤(평택)주유소/충전소,경기 안성시 서운면 평택제천고속도로 41,고속도로알뜰,Y
YM21유통㈜안성맞춤(제천)주유소,경기 안성시 서운면 평택제천고속도로 40,고속도로알뜰,Y
㈜남영전구 천안(부산)주유소,충남 천안시 동남구 수신면 성남로 793-40,고속도로알뜰,Y
(주)썬엘벌곡(상)주유소,충남 논산시 벌곡면 벌곡로 9-58,고속도로알뜰,Y
서창산업(주) 용인(인천방향)주유소/충전소,경기 용인시 처인구 주북로 66-16 (고림동),고속도로알뜰,Y
서창산업(주) 용인(강릉방향)주유소/충전소,경기 용인시 처인구 양지면 주북로94번길 30,고속도로알뜰,Y
위즈코프㈜ 주암(순천)주유소,전남 순천시 주암면 호남고속도로 29,고속도로알뜰,Y
위즈코프㈜ 주암(천안)주유소,전남 순천시 주암면 호남고속도로 24-1,고속도로알뜰,Y
하남만남주유소/충전소,경기 하남시 중부고속도로 117-1,고속도로알뜰,N
㈜케이알산업 입장(상)주유소/충전소,충남 천안시 서북구 입장면 연곡길 407,고속도로알뜰,Y
망향주유소 경부고속(부산방향),충남 천안시 서북구 성거읍 석문길 98,고속도로알뜰,Y
공주(대전)휴게소 주유소,충남 공주시 당진영덕고속도로 72-1,고속도로알뜰,Y
"곡성(논산방향)주유소,충전소",전남 곡성군 겸면 호남고속도로 50,고속도로알뜰,Y
대보건설(주)보성녹차(광양)주유소/충전소,전남 보성군 겸백면 남해고속도로 70,고속도로알뜰,Y
공주(당진)휴게소주유소/충전소,충남 공주시 의당면 당진영덕고속도로 69,고속도로알뜰,Y
㈜케이알산업 인삼랜드(하남)주유소/충전소,충남 금산군 군북면 대암길 34-30,고속도로알뜰,Y
인삼랜드(하)주유소/충전소,충청남도 금산군 군북면 어필각로 300,고속도로알뜰,Y
오창(통영)주유소,충북 청주시 청원구 오창읍 중부고속도로 19,고속도로알뜰,N
두성유통(주)문의휴게소(청주방향),충청북도 청주시 상당구 문의면 당진영덕고속도로 123,고속도로알뜰,Y
한국도로공사 음성(남이)주유/충전소,충북 음성군 삼성면 중부고속도로 51,고속도로알뜰,Y
대보디앤에스(주) 음성(하남)주유소,충북 음성군 삼성면 중부고속도로 52,고속도로알뜰,Y
(주)에스피씨삼립황전(전주)주유소,전남 순천시 황전면 순천완주고속도로 28,고속도로알뜰,Y
㈜에스피씨삼립 황전(순천)주유소,전남 순천시 황전면 순천완주고속도로 25,고속도로알뜰,Y
죽암(부산방향)주유소/충전소,충북 청주시 서원구 현도면 경부고속도로 287,고속도로알뜰,Y
죽암(서울방향)주유소,충북 청주시 서원구 현도면 경부고속도로 290-1,고속도로알뜰,Y
한화리조트(주)진안(상)주유소,전북 진안군 진안읍 익산장수고속도로 41-1,고속도로알뜰,N
신탄진(상)주유소/충전소,대전 대덕구 산업단지로 27,고속도로알뜰,Y
한화리조트(주)진안(하)주유소,전북 진안군 진안읍 익산장수고속도로 42-1,고속도로알뜰,Y
서창산업(주)이천(하)주유소,경기 이천시 마장면 중부대로609번길 244-35,고속도로알뜰,Y
대보건설㈜이천(하남)주유소/충전소,경기 이천시 신둔면 서이천로853번길 346-129,고속도로알뜰,Y
중도석유(주)옥산주유소/충전소,충북 청주시 흥덕구 옥산면 경부고속도로 309-1,고속도로알뜰,Y
㈜대교 산청(통영방향)주유소/충전소,경남 산청군 단성면 통영대전고속도로 77,고속도로알뜰,Y
㈜대교 산청(대전방향)주유소/충전소,경남 산청군 단성면 통영대전고속도로 76,고속도로알뜰,Y
(주)파리크라상 천등산(제천방향)주유소,충북 충주시 산척면 평택제천고속도로 106,고속도로알뜰,Y
화서(상주)주유소/충전소,경북 상주시 화서면 터골길 51-25,고속도로알뜰,Y
보령물산(주)황간(부산)주유소/충전소,충북 영동군 황간면 회포길 102,고속도로알뜰,Y
황간(상)주유소,충북 영동군 황간면 회포1길 65,고속도로알뜰,Y
문막(하)주유소/충전소,강원 원주시 문막읍 원문로 1234-1,고속도로알뜰,Y
(주)에스피씨삼립 속리산(청원)주유소/충전소,충북 보은군 마로면 적암길 56-18,고속도로알뜰,Y
문막(인천방향)주유소,강원도 원주시 문막읍 개나루길 13,고속도로알뜰,Y
(주)선인상사 홍천강(춘천방향)주유소/충전소,강원 홍천군 북방면 도사곡길 223,고속도로알뜰,Y
(주)부자충주(상)주유소/충전소,충북 충주시 중앙탑면 중부내륙고속도로 230-1,고속도로알뜰,Y
(주)인엔아웃 충주(창원)주유소/충전소,충북 충주시 중앙탑면 중부내륙고속도로 231-1,고속도로알뜰,Y
시카프관광개발(주) 함양(통영)주유소,경남 함양군 지곡면 효산길 23-31,고속도로알뜰,Y
시카프관광개발(주) 함양(하남)주유소/충전소,경남 함양군 지곡면 효산길 23-11,고속도로알뜰,Y
YM21유통㈜섬진강(순천방향)주유소,전남 광양시 진월면 신답길 24-14,고속도로알뜰,Y
YM21유통㈜섬진강(부산방향)주유소,전남 광양시 진월면 섬진강매화로 141,고속도로알뜰,Y
금강(부산방향)주유소,충북 옥천군 동이면 금강로 596,고속도로알뜰,Y
덕유산(통영방향)주유소/충전소,전북 장수군 계북면 통영대전고속도로 147,고속도로알뜰,Y
덕유산(상)(대전방향)주유소/충전소,전북 무주군 안성면 통영대전고속도로 148,고속도로알뜰,Y
여주(강릉방향)주유소/충전소,경기 여주시 가남읍 여주남로 722,고속도로알뜰,Y
서여주(창원방향)주유소,경기 여주시 능서면 중부내륙고속도로 271,고속도로알뜰,N
서여주(양평방향)주유소/충전소,경기 여주시 능서면 중부내륙고속도로 272,고속도로알뜰,N
(주)바이오시스 금왕(평택)주유소/충전소,충북 음성군 금왕읍 평택제천고속도로 69,고속도로알뜰,Y
(주)바이오시스 금왕(제천)주유소/충전소,충북 음성군 금왕읍 평택제천고속도로 70,고속도로알뜰,Y
옥천(부산방향)주유소/충전소,충북 옥천군 옥천읍 서대구일로 265-19,고속도로알뜰,Y
보령물산(주)옥천(서울)주유소/충전소,충북 옥천군 옥천읍 옥천동이로 242-34,고속도로알뜰,Y
대보유통(주)지리산(옥포)주유소충전소,전북 남원시 아영면 88올림픽고속도로 76,고속도로알뜰,Y
대보유통㈜지리산고서주유소/충전소,전북 남원시 아영면 광주대구고속도로 75-1,고속도로알뜰,Y
씨앤에스에너지㈜ 여주(인천방향)주유소/충전소,경기 여주시 가남읍 화평길 116,고속도로알뜰,Y
풀무원식품(주) 현풍(하)주유소,대구 달성군 현풍면 중부내륙지선고속도로 3,고속도로알뜰,Y
한국도로공사 현풍(대구)주유소/충전소,대구 달성군 현풍면 비슬로 741,고속도로알뜰,Y
평창(강릉방향)주유소/충전소,강원 평창군 용평면 경강로 2159-58,고속도로알뜰,N
평창(서창)주유소/충전소,강원 평창군 용평면 탑거리길 63,고속도로알뜰,Y
칠곡(부산)주유소/충전소,경북 칠곡군 왜관읍 경부고속도로 159,고속도로알뜰,Y
(주)한라석유-칠곡(상)주유소,경북 칠곡군 왜관읍 경부고속도로 158,고속도로알뜰,N
(주)이엠석유 함안(부산방향)주유소/충전소,경남 함안군 군북면 현포로 205,고속도로알뜰,Y
대보건설(주)함안(순천)주유소/충전소, 경상남도 함안군 군북면 현포로 205-1,고속도로알뜰,Y
남성주(창원)주유소/충전소,경북 성주군 선남면 중부내륙고속도로 77-1,고속도로알뜰,Y
(주)광동유통단양(춘천방향)주유소/충전소,충북 단양군 단성면 하방3길 100,고속도로알뜰,N
남성주(양평)주유소/충전소,경북 성주군 용암면 중부내륙고속도로 76-1,고속도로알뜰,Y
선산산업(주) 선산주유소 하지점,경북 구미시 옥성면 중부내륙고속도로 129,고속도로알뜰,Y
고성공룡나라(대전)주유소,경남 고성군 대가면 통영대전고속도로 32,고속도로알뜰,Y
고성공룡나라(통영)주유소/충전소,경남 고성군 대가면 통영대전고속도로 29,고속도로알뜰,Y
단양(부산)충전소/주유소,충북 단양군 적성면 기동2길 32-37,고속도로알뜰,Y
선산산업(주) 선산주유소 상지점, 경상북도 구미시 옥성면 중부내륙고속도로 128-1,고속도로알뜰,Y
키다리식품(주) 홍천양양주유소/충전소,강원 홍천군 화촌면 서울양양고속도로 84-1,고속도로알뜰,Y
키다리식품(주) 홍천서울주유소,강원 홍천군 화촌면 서울양양고속도로 83-1,고속도로알뜰,Y
내린천(서울방향)주유소/충전소,강원 인제군 상남면 서울양양고속도로 117,고속도로알뜰,Y
(주)서원문경(하)주유소/충전소,경북 문경시 중부내륙고속도로 173-1,고속도로알뜰,Y
한국도로공사 문경(양평방향)주유소/충전소,경북 문경시 중부내륙고속도로 174-1,고속도로알뜰,Y
문산(순천)주유소,경남 진주시 문산읍 남해고속도로 195,고속도로알뜰,Y
(주)에스피씨삼립김천(서울방향)주유소,경북 김천시 농소면 경부고속도로 194-2,고속도로알뜰,Y
(주)에스피씨삼립김천(부산방향)주유소,경북 김천시 농소면 경부고속도로 193-2,고속도로알뜰,Y
진주(부산방향)주유소/충전소,경남 진주시 남해고속도로 194,고속도로알뜰,Y
(주)대현유통 횡성(인천방향)주유소,강원 횡성군 안흥면 영동고속도로 153-1,고속도로알뜰,Y
씨앤에스에너지(주) 횡성(하)주유소/충전소,강원 횡성군 안흥면 영동고속도로 154-1,고속도로알뜰,Y
(주)승진에너지 거창(대구방향)주유소,경남 거창군 가조면 가조가야로 1523,고속도로알뜰,Y
㈜승진에너지 거창(광주방향)주유소/충전소,경남 거창군 가조면 가조가야로 1543-81,고속도로알뜰,Y
추풍령(하)주유소/충전소,경북 김천시 봉산면 경부고속도로 213-1,고속도로알뜰,Y
추풍령(서울방향)주유소,경북 김천시 봉산면 경부고속도로 214-2,고속도로알뜰,Y
사천(부산방향)주유소/충전소,경남 사천시 곤양면 서삼로 637,고속도로알뜰,Y
사천(순천방향)주유소/충전소,경남 사천시 곤양면 묵실길 31-13,고속도로알뜰,Y
치악(부산방향)주유소/충전소,강원 원주시 신림면 치악로 416,고속도로알뜰,Y
치악(춘천방향)주유소,강원 원주시 신림면 다리실2길 32,고속도로알뜰,Y
괴산(마산)주유소/충전소,충북 괴산군 장연면 중부내륙고속도로 205,고속도로알뜰,Y
(주)괴산(상)주유소/충전소,충북 괴산군 장연면 중부내륙고속도로 204,고속도로알뜰,Y
(주)파리크라상 천등산(평택방향)주유소,충북 충주시 산척면 평택제천고속도로 109,고속도로알뜰,Y
㈜경인석유 진영(순천방향)주유소,경남 김해시 진영읍 하계로96번길 44-49,고속도로알뜰,Y
㈜광동유통 안동(부산방향)주유소,경북 안동시 풍산읍 풍산태사로 1903-17,고속도로알뜰,Y
(주)광동유통 안동(춘천방향)주유소/충전소,경북 안동시 풍산읍 풍산태사로 1913-54,고속도로알뜰,N
㈜부자 군위(부산방향)주유소/충전소,경북 군위군 군위읍 경북대로 4084,고속도로알뜰,Y
군위(춘천방향)주유소/충전소,경북 군위군 군위읍 경북대로 4082,고속도로알뜰,Y
(주)경인석유 동명(춘천)주유소,경북 칠곡군 동명면 중앙고속도로 122,고속도로알뜰,N
(주)경인석유 동명(부산)주유소,경북 칠곡군 동명면 중앙고속도로 123,고속도로알뜰,N
(주)이엠석유 영산(하)주유소/충전소,경남 창녕군 영산면 장척호수길 56-110,고속도로알뜰,Y
(주)썬엘칠서(양평)주유소충전소,경남 함안군 칠서면 계룡로 122,고속도로알뜰,Y
성주(양평방향)주유소,경북 성주군 초전면 중부내륙고속도로 98,고속도로알뜰,Y
성주(창원방향)주유소,경북 성주군 초전면 중부내륙고속도로 97,고속도로알뜰,Y
매송주유소(서울방향),경기 화성시 매송면 서해안고속도로 316-1,고속도로알뜰,Y
매송주유소(목포방향),경기 화성시 매송면 서해안고속도로 315-1,고속도로알뜰,Y
한국도로공사 동해주유소,강원 동해시 동해대로 6427 (망상동),고속도로알뜰,Y
풀무원식품(주) 양산(서울방향)주유소,경남 양산시 동면 목장길 15-50,고속도로알뜰,Y
옥계(속초)주유소/충전소,강원 강릉시 옥계면 동해고속도로 322,고속도로알뜰,Y
씨앤에스에너지(주)영천(포항방향)주유소,경북 영천시 임고면 운주로 777,고속도로알뜰,Y
씨앤에스에너지㈜영천(대구방향)주유소/충전소,경북 영천시 임고면 운주로 791,고속도로알뜰,Y
평사주유소,경북 경산시 진량읍 경부고속도로 105,고속도로알뜰,Y
(주)바이오시스청통(상)주유소/충전소,경상북도 영천시 청통면 청통로 334-42,고속도로알뜰,N
구정(동해)주유소,강원 강릉시 구정면 동해고속도로 345-1,고속도로알뜰,Y
구정(속초방향)주유소,강원 강릉시 구정면 동해고속도로 346,고속도로알뜰,Y
(주)바이오시스와촌(하)주유소,경북 경산시 와촌면 강학길 103,고속도로알뜰,Y
KIS정보통신㈜강릉(인천방향)주유소,강원 강릉시 영동고속도로 231-1,고속도로알뜰,Y
KIS정보통신㈜강릉(강릉방향)주유소,강원 강릉시 성산면 영동고속도로 232-1,고속도로알뜰,Y
풀무원식품(주) 장유(부산방향)주유소,경남 김해시 장유로116번길 44-82,고속도로알뜰,Y
KIS정보통신㈜경산(서울방향)주유소,경북 경산시 진량읍 대학로 1089,고속도로알뜰,Y
(주)원일유통 강천산(광주)주유소,전북 순창군 순창읍 광주대구고속도로 27,고속도로알뜰,Y
경인석유㈜ 외동(상)주유소,경북 경주시 외동읍 상석길 58-70,고속도로알뜰,Y
케이아이에스(주) 울주(함양방향)주유소,울산 울주군 삼동면 보은리 산 193-1,고속도로알뜰,Y
대보유통(주)부안(서울)주유소,전북 부안군 주산면 서해안고속도로 106,고속도로알뜰,Y
경인석유㈜ 외동(하)주유소,경북 경주시 외동읍 상석길 58-74,고속도로알뜰,Y
씨앤에스에너지(주) 경주(부산)주유소/충전소,경북 경주시 내남면 경부고속도로 59-1,고속도로알뜰,Y
케이아이에스(주) 울주(울산방향)주유소,울산 울주군 삼동면 보은리 산 213-15,고속도로알뜰,Y
㈜오일석유 언양(서울)주유소/충전소,울산 울주군 언양읍 경부고속도로 44,고속도로알뜰,Y
㈜경인석유 건천(상)주유소,경북 경주시 건천읍 경부고속도로 76-1,고속도로알뜰,Y
통도사(부산)주유소,경남 양산시 하북면 경부고속도로 31-1,고속도로알뜰,Y
㈜대신기업 건천(부산)주유소,경북 경주시 건천읍 경부고속도로 77,고속도로알뜰,Y
의성(상주)주유소/충전소,경북 의성군 안계면 새못안길 45-49,고속도로알뜰,Y
(주)남영전구 청송(영덕)주유소,경북 청송군 파천면 중평병부길 203-115,고속도로알뜰,Y
의성(영덕)주유소충전소,경북 의성군 안계면 새못안길 45-47,고속도로알뜰,Y
김해금관가야(창원방향)주유소,경남 김해시 대동면 동남로 400,고속도로알뜰,Y
김해금관가야(기장방향)주유소,경남 김해시 대동면 동남로 400,고속도로알뜰,Y
두성유통(주)문의휴게소(영덕방향),충청북도 청주시 상당구 문의면 당진영덕고속도로 124,고속도로알뜰,Y
대보유통(주)부안(목포)주유소,전북 부안군 주산면 서해안고속도로 103,고속도로알뜰,Y
(주)남영전구 청송(상주)주유소,경북 청송군 파천면 중평병부길 203-92,고속도로알뜰,Y
대보건설(주) 성남(구리방향)주유소,경기 성남시 수정구 산성대로 41,고속도로알뜰,Y
대보건설(주) 구리(판교방향)주유소,경기 구리시 수도권제1순환고속도로 27,고속도로알뜰,Y
내린천(양양방향)주유소/충전소,강원 인제군 상남면 서울양양고속도로 117,고속도로알뜰,Y
대보건설(주) 구리(일산방향)주유소,경기 구리시 수도권제1순환고속도로 32,고속도로알뜰,Y
대영에너지㈜세종지점 다온알뜰주유소,세종특별자치시 세종로 1328 (아름동),자영알뜰,Y
대성주유소,충남 당진시 역천로 162,자영알뜰,Y
(유)대성주유소,충남 보령시 대천로 254 (죽정동),자영알뜰,Y
금성주유소,전북 부안군 진서면 청자로 1260,자영알뜰,N
함덕주유소,제주 제주시 조천읍 신북로 603,자영알뜰,N
24시 대천주유소,충남 보령시 중앙로 172 (대천동),자영알뜰,Y
화곡주유소,경기 김포시 대곶면 대곶북로 347,자영알뜰,Y
삼양주유소,제주특별자치도 제주시  일주동로 398 (삼양동),자영알뜰,Y
주식회사 번영로주유소,제주 제주시 번영로 578 (봉개동),자영알뜰,Y
24시 충청주유소,충남 보령시 대해로 294 (남곡동),자영알뜰,Y
일광주유소,제주특별자치도 제주시 일주동로 53 (건입동),자영알뜰,Y
토평주유소,제주특별자치도 서귀포시 중산간동로 7801,자영알뜰,N
격포주유소,전북 부안군 변산면 격포로 23,자영알뜰,Y
서동알뜰주유소,충남 서산시 고운로 320,자영알뜰,Y
화산주유소,전남 해남군 화산면 해남화산로 1045,자영알뜰,N
편리한주유소,제주특별자치도 제주시 중앙로 487 (아라이동),자영알뜰,N
삼호주유소,전남 영암군 삼호읍 녹색로 1530,자영알뜰,Y
예천동주유소,충남 서산시 공림3길 13 (예천동),자영알뜰,Y
초원주유소,제주특별자치도 서귀포시 일주서로 27 (강정동),자영알뜰,N
장등주유소,충남 서산시 지곡면 충의로 1546,자영알뜰,N
도청주유소,전남 목포시 녹색로 139 (옥암동),자영알뜰,Y
이좋은주유소,제주특별자치도 제주시 노형로 218,자영알뜰,Y
명품주유소,제주특별자치도 제주시 월광로 101 (노형동),자영알뜰,Y
광동주유소,제주 제주시 일주서로 7832 (연동),자영알뜰,Y
귀일주유소,제주특별자치도 제주시 애월읍 하귀로 22,자영알뜰,Y
태평주유소,충남 태안군 태안읍 서해로 2139,자영알뜰,Y
(유)대성주유소,전남 목포시 청호로 57,자영알뜰,Y
태안주유소,충남 태안군 태안읍 안면대로 334,자영알뜰,Y
대한주유소,충남 태안군 태안읍 원이로 82,자영알뜰,N
천수만주유소,충남 태안군 남면 천수만로 134-3,자영알뜰,Y
청라셀프주유소,인천 서구 경명대로 284(경서동),자영알뜰,Y
면천IC하나주유소,충남 당진시 면천면 아미로 93,자영알뜰,Y
남고창주유소,전북 고창군 고수면 고인돌대로 1428,자영알뜰,N
대박주유소,인천 동구 송미로 50 (송림동),자영알뜰,N
(유)푸른들주유소,전북 군산시 공항로 300 (산북동),자영알뜰,Y
(주)문화셀프랜드,충남 홍성군 홍성읍 내포로 170,자영알뜰,Y
신태양주유소,전북 부안군 줄포면 부안로 991,자영알뜰,Y
해창주유소,충남 서천군 마서면 장천로 920,자영알뜰,Y
부광알뜰셀프주유소,인천 중구 인중로 180 (사동),자영알뜰,Y
SK이화주유소,경기 부천시 원미구 부천로 207 (춘의동),자영알뜰,Y
우리주유소,광주 광산구 목련로 225 (운남동),자영알뜰,Y
원더우먼주유소,경기 화성시 우정읍 포승향남로 1106,자영알뜰,Y
공원주유소,전남 장성군 북이면 방장로 995,자영알뜰,Y
평대주유소,제주특별자치도 제주시 구좌읍 일주동로 2948,자영알뜰,N
수교주유소,전북 김제시 성덕면 해학로 380,자영알뜰,N
우리주유소,경기 시흥시 황고개로 311 (군자동),자영알뜰,Y
태성주유소,전북 군산시 성산면 십자들로 189,자영알뜰,N
마도알뜰주유소,경기 화성시 마도면 두곡서길 58,자영알뜰,Y
우수주유소,제주특별자치도 서귀포시 표선면 번영로 3497,자영알뜰,Y
원천제2주유소,인천 계양구 벌말로 295,자영알뜰,Y
(유)모우리주유소,광주 광산구 소촌로 68 (소촌동),자영알뜰,Y
양정주유소,인천 계양구 아나지로 597 (서운동),자영알뜰,Y
한진주유소,광주 광산구 송도로 244 (송정동),자영알뜰,Y
우리주유소,전북 정읍시 소성면 소성로 100,자영알뜰,N
(주)황룡강주유소,전남 장성군 황룡면 강변로 558,자영알뜰,Y
(주)평동제일주유소,광주 광산구 동곡로 552 (장록동),자영알뜰,Y
진양주유소,광주 광산구 동곡로 664 (송촌동),자영알뜰,N
당진이데아주유소,충남 당진시 순성면 예당평야로 1521,자영알뜰,N
걸포주유소,경기 김포시 금포로 1117-6 (걸포동),자영알뜰,Y
장항주유소,충남 서천군 장항읍 장산로 504,자영알뜰,N
김포감정주유소,경기 김포시 김포대로 1135,자영알뜰,Y
(주)늘품오일 한길셀프주유소,인천 서구 검단로 861 (불로동),자영알뜰,Y
(주)태흥주유소,제주특별자치도 서귀포시 남원읍 태위로 990,자영알뜰,N
중앙로주유소,전북 군산시 중앙로 188 (중앙로1가),자영알뜰,Y
유림주유소,인천 서구 봉수대로162번길 3 (가좌동),자영알뜰,N
기분좋은주유소,전북 고창군 신림면 고인돌대로 1997,자영알뜰,N
오일파크 하성주유소,경기도 김포시 금포로 1925,자영알뜰,Y
세지예향주유소,전남 나주시 세지면 예향로 3014,자영알뜰,Y
고산주유소,전북 고창군 신림면 고인돌대로 2430,자영알뜰,Y
탑self주유소,인천 미추홀구 송림로 217 (도화동),자영알뜰,Y
월명주유소,전북 군산시 해망로 517 (소룡동),자영알뜰,Y
도림주유소,서울 영등포구 도림로 343 (도림동),자영알뜰,Y
(유)착한주유소,광주 북구 동문대로 452 (장등동),자영알뜰,Y
(주)백운주유소,서울 금천구 시흥대로 282 (독산동),자영알뜰,Y
대원주유소,경기 화성시 팔탄면 서해로 1322-3,자영알뜰,Y
(주)태오에너지 현명주유소,경기 화성시 비봉면 양노로 155,자영알뜰,Y
무지개주유소,광주 북구 서하로 237 (오치동),자영알뜰,Y
알뜰천하주유소,전북 김제시 동서로 290 (신풍동),자영알뜰,Y
한일주유소,전북 정읍시 신태인읍 감곡로 138,자영알뜰,N
너멍골알뜰주유소,경기 고양시 덕양구 호국로 1259,자영알뜰,Y
양천구주유소,서울 양천구 국회대로 275 (목동),자영알뜰,Y
(주)명보에너지,경기 시흥시  수인로 2186 (조남동),자영알뜰,N
독립로주유소,광주 남구 독립로 143,자영알뜰,Y
대흥주유소,충남 아산시 선장면 아산만로 770,자영알뜰,N
백제주유소,충남 청양군 장평면 충의로 223,자영알뜰,N
목화주유소,서울 강서구 국회대로 251 (화곡동),자영알뜰,Y
뉴신정주유소,서울 강서구 곰달래로 207 (화곡동),자영알뜰,N
광일알뜰주유소,경기 광명시 광명로 712 (광명동),자영알뜰,Y
덕양주유소,경기 고양시 덕양구 충장로 142 (행신동),자영알뜰,Y
신기알뜰주유소,경기 화성시 남양읍 화성로 1472,자영알뜰,Y
주유할인마트,경기 시흥시 수인로 2648 (금이동),자영알뜰,N
우리주유소,경기 고양시 일산동구 성현로 487,자영알뜰,Y
(주)어울림주유소,경기 고양시 덕양구 충장로 407,자영알뜰,Y
화곡역주유소,서울 강서구 강서로 154 (화곡동),자영알뜰,Y
은산알뜰주유소,충남 부여군 은산면 충절로 2732,자영알뜰,N
한강주유소,경기 고양시 덕양구 행주로 57-28,자영알뜰,N
태물주유소,경기 화성시 남양읍 남양로 651,자영알뜰,Y
수성주유소,전북 정읍시 서부산업도로 433 (농소동),자영알뜰,Y
에이스주유소,전북 정읍시 벚꽃로 70 (농소동),자영알뜰,Y
굿모닝주유소,경기 파주시 파주읍 우계로 299,자영알뜰,Y
코리아주유소,충청남도 예산군 예산읍 충서로 994,자영알뜰,Y
부강주유소,경기 부천시 오정구 역곡로 458,자영알뜰,N
수산주유소,제주 서귀포시 성산읍 서성일로 898,자영알뜰,Y
유턴주유소,서울 강서구 남부순환로 57,자영알뜰,Y
실로암주유소,경기 김포시 고촌읍 개화동로 46,자영알뜰,Y
동군산셀프주유소,전북 군산시 대야면 만경로 1767,자영알뜰,Y
(주)연우에너지 신관주유소,서울 관악구 신림로 290 (신림동),자영알뜰,Y
대원주유소,경기 파주시 적성면 청송로 1091,자영알뜰,Y
안산슈퍼맨주유소,경기 안산시 상록구 서해로 2691 (사사동),자영알뜰,Y
개나리주유소,경기 고양시 덕양구 보광로 126 (벽제동),자영알뜰,Y
하나주유소,충남 부여군 부여읍 성왕로 382,자영알뜰,N
대선주유소,전북 익산시 성당면 함낭로 222,자영알뜰,Y
금성주유소,전북 익산시 목천로 72 (목천동),자영알뜰,Y
고래주유소,전북 익산시 주현로 54,자영알뜰,Y
슈퍼맨주유소,경기 화성시 향남읍 발안로 392,자영알뜰,Y
셀프제일주유소,경기 양주시 장흥면 권율로 111,자영알뜰,Y
삼양주유소,전북 김제시 백구면 번영로 2876,자영알뜰,Y
(주)교현 알뜰주유소,경기 양주시 장흥면 북한산로 863,자영알뜰,Y
(주)어하둥둥알뜰주유소,경기 양주시 부흥로 1300,자영알뜰,Y
장원주유소,충남 아산시 음봉면 음봉로 195,자영알뜰,N
세화주유소,서울 중구 왕십리로 403,자영알뜰,N
금마제일주유소,전북 익산시 금마면 무왕로 1824,자영알뜰,Y
명품주유소,경기 수원시 권선구 권선로 651 (권선동),자영알뜰,Y
씨엘무역동두천지점 주식회사,경기 동두천시 평화로 3122 (하봉암동),자영알뜰,N
(유)백제주유소,전북 전주시 완산구 효자로 67-3 (효자동3가),자영알뜰,Y
흥산에너지,경기 의정부시 금신로 91 (신곡동),자영알뜰,Y
할인주유소,전북 전주시 덕진구 온고을로 361 (팔복동3가),자영알뜰,N
차사랑주유소,경기 오산시 경기대로 296 (오산동),자영알뜰,Y
(주)스마트오일주유소,경기 평택시 진위면 경기대로 1905,자영알뜰,Y
원천주유소,서울 성북구 돌곶이로 142 (장위동),자영알뜰,N
신동천,경기도 동두천시  삼육사로 770 (상패동),자영알뜰,Y
사랑주유소,전북 전주시 덕진구 번영로 477 (용정동),자영알뜰,Y
시티주유소,전북 전주시 덕진구 백제대로 629 (금암동),자영알뜰,Y
용머리주유소,전북 전주시 완산구 용머리로 268 (서완산동1가),자영알뜰,Y
계백주유소,충남 논산시 부적면 계백로 1428,자영알뜰,N
탱크셀프주유소,전북 완주군 삼례읍 과학로 481,자영알뜰,Y
미키주유소,경기 용인시 기흥구  용구대로 2469번길 57,자영알뜰,Y
아이언맨주유소,경기 용인시 기흥구 신갈로 13 (상갈동),자영알뜰,Y
연천제일주유소,경기 연천군 연천읍 연신로 670,자영알뜰,N
송월주유소,전남 곡성군 오산면 오산로 997,자영알뜰,N
그린주유소,경기 평택시 삼남로 529 (지산동),자영알뜰,Y
팔복주유소,전북 전주시 덕진구 기린대로 714,자영알뜰,Y
행복주유소,전북 전주시 덕진구 동부대로 641 (우아동3가),자영알뜰,Y
그린주유소,전북 완주군 봉동읍 삼봉로 915,자영알뜰,Y
한영주유소,전남 화순군 동복면 동주로 1414,자영알뜰,N
역전셀프주유소,전북 전주시 덕진구  동부대로 748 (우아동3가),자영알뜰,Y
에스씨에너지㈜직영 용이주유소,경기 평택시 서동대로 3853 (용이동),자영알뜰,Y
창현주유소,충북 청주시 흥덕구 강내면 가로수로 567-9,자영알뜰,Y
중동주유소,대전 서구 계룡로 344 (갈마동),자영알뜰,Y
그린주유소,대전 서구 동서대로 953,자영알뜰,Y
이화셀프주유소,경기 안성시 보개면 서동대로 5894,자영알뜰,Y
일동셀프5주유소,경기 포천시 일동면 화동로 1322,자영알뜰,Y
구봉산셀프주유소,대전 서구 구봉로 208,자영알뜰,Y
탑선주유소,경기 광주시 퇴촌면 정영로 518,자영알뜰,N
유성IC주유소,대전 유성구 현충원로 545,자영알뜰,Y
세종알뜰주유소(주),세종특별자치시 국책연구원3로 9,자영알뜰,Y
귀뚜라미주유소,전남 곡성군 곡성읍 낙동원로 12,자영알뜰,N
신안주유소,세종특별자치시 조치원읍 세종로 2678,자영알뜰,Y
슈퍼맨주유소(주),경기 용인시 처인구 원삼면 죽양대로 2287,자영알뜰,Y
송정주유소,충청남도 천안시 동남구 병천면 매봉로 244,자영알뜰,N
(주)뉴타운주유소,경기 안성시 안성맞춤대로 862,자영알뜰,N
우체국물류주유소,충남 계룡시 두마면 왕대로 102,자영알뜰,Y
주식회사 동해주유소,경기 포천시 호국로 2659,자영알뜰,Y
모리아셀프주유소,경기 포천시 내촌면 금강로 2182,자영알뜰,Y
운학주유소,경기 용인시 처인구 동부로 348 (운학동),자영알뜰,N
성원주유소,경기 포천시 군내면 청군로 3133,자영알뜰,Y
(주)이엘에스 양변주유소/충전소,경기 안성시 미양면 211-0,자영알뜰,Y
약수터주유소,경기 하남시 하남대로 63 (상산곡동),자영알뜰,N
포천신북주유소,경기 포천시 호국로 2226,자영알뜰,Y
㈜에버에너지(갈담주유소),경기 용인시 처인구 모현면 백옥대로 2177,자영알뜰,Y
한라주유소,경기 광주시 포은대로 655 (장지동),자영알뜰,Y
아성알뜰주유소,세종특별자치시 다정북로 40,자영알뜰,Y
경동알뜰주유소,경기 용인시 처인구 중부대로 1622 (마평동),자영알뜰,Y
햇님주유소,충청남도 논산시 연산면 계백로 2435,자영알뜰,Y
원우주유소,경기 남양주시 진건읍 진건오남로 237,자영알뜰,Y
KC네트웍스,경기 안성시 공도읍 공도로 120,자영알뜰,Y
충청에너지주유소,세종특별자치시 전의면 세종로 3894,자영알뜰,Y
(주)보성셀프주유소,경기 남양주시 진접읍 금강로 1291,자영알뜰,Y
미래주유소,충남 논산시 연산면 계백로 1983,자영알뜰,N
현대주유소,전북 전주시 완산구 춘향로 5197 (대성동),자영알뜰,Y
동현주유소,충남 공주시 장기면 차령로 1851,자영알뜰,N
명지산주유소,경기 가평군 북면 가화로 687,자영알뜰,Y
용전주유소,전라남도 순천시 해룡면 여순로 1369 (해룡면),자영알뜰,N
이천 강가주유소/충전소,경기 이천시 부발읍 중부대로 1782,자영알뜰,Y
대안주유소,전남 순천시 해룡면 여순로 1741,자영알뜰,N
(주)정오알뜰주유소,전남 순천시 해룡면 여순로 1574,자영알뜰,Y
하나주유소,전남 순천시 서면 삼산로 258,자영알뜰,Y
(주)문의IC주유소,충북 청주시 상당구 문의면 미천고은로 63,자영알뜰,Y
광명알뜰주유소,전남 순천시 이수로 272 (조례동),자영알뜰,Y
자유에너지(주)황제주유소,충북 청주시 상당구 1순환로 1249,자영알뜰,Y
코리아에너지(주),충북 청주시 청원구 공항로 235,자영알뜰,Y
청주주유소,충북 청주시 청원구 직지대로 830,자영알뜰,N
대림주유소,경기 여주시 금사면 금품1로 436,자영알뜰,Y
꽃다리주유소,충북 청주시 서원구 청남로 2044 (수곡동),자영알뜰,N
단비주유소,충북 청주시 청원구 상당로 281 (내덕동),자영알뜰,N
주유나라주유소,충북 청주시 청원구 율천북로 175 (율량동),자영알뜰,Y
강가주유소,경기 양평군 양평읍 경강로 1638,자영알뜰,Y
부자주유소,충북 청주시 흥덕구 1순환로 391,자영알뜰,Y
장성주유소,충북 청주시 서원구 남이면 양촌4길 3,자영알뜰,Y
순천만주유소,전남 순천시 중앙로 412 (가곡동),자영알뜰,Y
우리알뜰주유소,전남 순천시 연자로 50,자영알뜰,Y
(주)청주관문주유소,충북 청주시 서원구 청남로 1894 (미평동),자영알뜰,Y
평양주유소,충북 청주시 서원구  사운로 69 (사직동),자영알뜰,Y
맛동산주유소,전남 순천시 서면 순천로 372,자영알뜰,N
고담주유소,경기 이천시 진상미로 2168 (고담동),자영알뜰,Y
우리주유소,충북 청주시 흥덕구 1순환로 615 (봉명동),자영알뜰,Y
아리랑주유소,충북 청주시 흥덕구 1순환로 582 (봉명동),자영알뜰,Y
남이주유소,충북 청주시 서원구 남이면 청남로 1625-3,자영알뜰,N
송정주유소,경기 이천시 증신로 302 (송정동),자영알뜰,N
가양주유소,대전 동구 우암로 365 (가양동),자영알뜰,N
남북주유소,충북 진천군 이월면 생거진천로 2001,자영알뜰,N
㈜용운주유소,대전 동구 백룡로 77 (용운동),자영알뜰,Y
매산주유소,경기 안성시 죽산면 죽양대로 200,자영알뜰,N
문진주유소,충북 진천군 문백면 문진로 634,자영알뜰,N
오창주유소,충북 청주시 청원구 오창읍 두릉유리로 974,자영알뜰,Y
복대동주유소,충북 청주시 흥덕구 복대로 206,자영알뜰,Y
(주)메이저플러스 대전IC주유소,대전 대덕구 동서대로 1787 (송촌동),자영알뜰,Y
상일주유소,충북 청주시 서원구 남이면 청남로 1162,자영알뜰,N
쌍용주유소,대전 대덕구 신탄진로 83 (연축동),자영알뜰,Y
용문주유소,충북 청주시 서원구 현도면 청남로 457,자영알뜰,N
신탄진알뜰주유소,대전 대덕구 대덕대로1527번길 374,자영알뜰,Y
(주)성원에너지,충북 청주시 서원구 남이면 연청로 1288-7,자영알뜰,Y
대광주유소,전남 순천시 별량면 녹색로 558,자영알뜰,N
(주)탄방주유소,대전 서구 유등로 659,자영알뜰,Y
(주)월락주유소,전북 남원시 낙현안길 4,자영알뜰,Y
녹박재주유소,경기 안성시 죽산면 서동대로 6518,자영알뜰,Y
삼죽주유소,경기 안성시 삼죽면 삼죽로 193,자영알뜰,Y
백곡주유소,충북 진천군 백곡면 백곡로 926,자영알뜰,Y
만남주유소,충북 충주시 금가면 충원대로 1419,자영알뜰,N
(주)서림주유소,충북 충주시 형설로 102 (용산동),자영알뜰,Y
다솔주유소,경남 사천시 곤명면 봉명로 89,자영알뜰,N
(주)진남제2주유소,경남 하동군 경충로 1089,자영알뜰,N
㈜행복드림주유소,강원 원주시 호저면 원문로 402,자영알뜰,Y
석풍주유소,경남 산청군 신안면 산청대로 1169,자영알뜰,N
(주)디오티디 원주베짱이주유소,강원 원주시 문막읍 원문로 1449,자영알뜰,N
진운주유소,강원 원주시 문막읍 원문로 1320,자영알뜰,N
중앙알뜰주유소,충북 충주시 중앙탑면 청금로 288,자영알뜰,N
칠성알뜰주유소,충북 괴산군 칠성면 중부로 5609,자영알뜰,Y
구천동주유소,전북 무주군 설천면 무설로 1567,자영알뜰,Y
생초IC주유소,경남 산청군 생초면 경호로 553-3,자영알뜰,Y
덕산주유소,경상남도 산청군 시천면 남명로 214 (시천면),자영알뜰,Y
명당알뜰주유소,전남 광양시 백운1로 288(태인동),자영알뜰,Y
새춘천주유소,강원 춘천시 동내면 세실로 38,자영알뜰,Y
맹꽁이주유소,충북 괴산군 문광면 괴산로 3314,자영알뜰,Y
동산주유소,경남 함양군 함양읍 고운로 570,자영알뜰,N
골드주유소,전남 여수시 돌산읍 돌산로 3519,자영알뜰,Y
(주)알뜰함양주유소,경남 함양군 함양읍 함양로 804,자영알뜰,Y
섬강에너지주식회사,강원 춘천시 신동면 경춘로 1936,자영알뜰,N
(주)광영알뜰주유소,전남 광양시 옥곡면 강변로 281,자영알뜰,N
옥화대주유소,충북 청주시 상당구 미원면 남부로 6705,자영알뜰,Y
문당주유소,충북 괴산군 청안면 질마로 865,자영알뜰,N
약수주유소,충북 청주시 상당구 미원면 단재로 2864,자영알뜰,Y
3008주유소,전북 무주군 안성면 안성로 29,자영알뜰,Y
금정주유소,충북 음성군 생극면 중원대로 10,자영알뜰,N
덕평알뜰주유소,경기 여주시 점동면 장여로 931,자영알뜰,Y
알뜰한빛주유소,경기 여주시  영릉로 38,자영알뜰,Y
호탄하늘빛주유소,충북 영동군 양산면 금강로 1182,자영알뜰,Y
두꺼비주유소,충북 괴산군 중부로 2974,자영알뜰,Y
도원주유소,전남 여수시 도원로 135,자영알뜰,Y
상평주유소,충북 음성군 감곡면 감노로 239,자영알뜰,Y
지리산관광주유소,전북 남원시 인월면 천왕봉로 304,자영알뜰,N
㈜두드림주유소,경기 여주시 여주남로 377,자영알뜰,Y
장야주유소,충북 옥천군 옥천읍 문장로 100,자영알뜰,N
호원주유소 춘천지점,강원 춘천시 서면 경춘로 583-3,자영알뜰,N
우리주유소,충북 증평군 증평읍 광장로 227,자영알뜰,Y
부자주유소,충북 진천군 초평면 구정로 406,자영알뜰,N
등고개주유소,충북 청주시 상당구 남일면 교육원로 9,자영알뜰,N
강산주유소,충북 청주시 상당구 가덕면 단재로 1377,자영알뜰,Y
서천알뜰주유소,전남 광양시 광양읍 순광로 589,자영알뜰,Y
논공공단주유소,대구 달성군 논공읍 비슬로 1052,자영알뜰,N
함마대로주유소,경남 함안군 산인면 함마대로 2035,자영알뜰,Y
통영관광주유소,경남 통영시 용남면 남해안대로 325,자영알뜰,N
보성주유소,대구 달성군 논공읍 비슬로 1380,자영알뜰,Y
인동주유소,경북 구미시  수출대로 500 (황상동),자영알뜰,Y
㈜통제영주유소,경남 통영시 여황로 290,자영알뜰,Y
삼흥주유소,경북 고령군 성산면 성산로 1004-1,자영알뜰,Y
(주)통영알뜰주유소,경남 통영시 도산면 남해안대로 1574,자영알뜰,Y
남대교주유소,경북 칠곡군 석적읍 남구미로 189,자영알뜰,Y
금산주유소,경북 칠곡군 왜관읍 공단로 61,자영알뜰,N
배원에너지,경북 구미시 금오대로 373 (오태동),자영알뜰,Y
마지리주유소,강원 평창군 평창읍 평창강로 810,자영알뜰,N
무궁화주유소,경북 칠곡군 북삼읍 칠곡대로 287,자영알뜰,N
터미널주유소,경남 고성군 고성읍 송학고분로 349,자영알뜰,Y
큰길주유소,경남 의령군 정곡면 의합대로 1157,자영알뜰,Y
희승주유소,경남 함안군 군북면 장백로 386,자영알뜰,Y
코끼리주유소,경북 구미시 야은로 322,자영알뜰,Y
제천하이테크주유소,충북 제천시 단양로 2897 (대랑동),자영알뜰,N
세아주유소,경북 성주군 대장길 72,자영알뜰,N
착한주유소,충북 제천시 단양로 3400 (신백동),자영알뜰,Y
이포주유소,충청북도 제천시 내토로 868(장락동),자영알뜰,Y
㈜명진에너지주유소,경남 진주시 진성면 동부로 1438,자영알뜰,N
중마우리알뜰주유소,전남 광양시 행정2길 30 (중동),자영알뜰,Y
미창주유소,경남 창원시 의창구 북면 구룡로 15-66,자영알뜰,Y
알뜰성일주유소,경북 문경시 중앙2길 24 (점촌동),자영알뜰,Y
둔방주유소,강원 횡성군 둔내면 경강로 4555,자영알뜰,N
(주)대길에너지 상정대로주유소,경남 고성군 상리면 상정대로 1354,자영알뜰,Y
행복주유소,경남 진주시 문산읍 진마대로 1056,자영알뜰,N
무양주유소,경북 상주시 경상대로 3070 (무양동),자영알뜰,Y
치악산주유소,강원 원주시 신림면 신림황둔로 1107,자영알뜰,N
에덴알뜰주유소,충북 제천시 봉양읍 제원로 795,자영알뜰,N
영풍주유소,경북 김천시 용암로 40 (용두동),자영알뜰,Y
서보셀프주유소,경북 상주시 영남제일로 1956,자영알뜰,Y
봉현주유소,경남 고성군 하이면 삼상로 578,자영알뜰,Y
강남주유소,경남 진주시 진주대로 907 (강남동),자영알뜰,N
㈜승일 배춘주유소,경남 사천시 축동면 두량로 66,자영알뜰,N
세계주유소,경남 진주시 진산로 163 (장재동),자영알뜰,Y
용장군주유소,경남 사천시 용현면 사천대로 938,자영알뜰,N
삼포주유소,경남 사천시 삼천포대교로 911 (송포동),자영알뜰,Y
(주)인창주유소,경남 진주시 창렬로 65,자영알뜰,Y
(주)한주에너지,경남 사천시 사천읍 진삼로 1293,자영알뜰,Y
금호주유소,경남 진주시 명석면 진주대로 1964,자영알뜰,N
진양호주유소,경남 진주시 판문오동길 36 (판문동),자영알뜰,N
금산주유소,경남 남해군 이동면 남해대로 1974 (이동면),자영알뜰,N
동명주유소,강원 원주시 치악로 2090 (태장동),자영알뜰,Y
동부2,경남 창원시 진해구 진해대로 732,자영알뜰,Y
동부1,경남 창원시 진해구 진해대로 855 (석동),자영알뜰,Y
성원알뜰주유소,경남 김해시 진영읍 김해대로 134,자영알뜰,Y
의성제일주유소,경북 의성군 의성읍 경북대로 5752,자영알뜰,N
동부3,경남 창원시 성산구 마디미로 73 (상남동),자영알뜰,Y
광평주유소,경북 안동시 서후면 북평로 424-3,자영알뜰,N
해동주유소,경남 밀양시 무안면 사명로 147,자영알뜰,N
크로바주유소,경북 의성군 의성읍 경북대로 5607,자영알뜰,N
그린주유소,대구 수성구  달구벌대로 2899 (연호동),자영알뜰,Y
(주)미니에너지 직영주유소,대구 동구 화랑로 484 (용계동),자영알뜰,Y
문화주유소,대구 수성구 청호로 93 (지산동),자영알뜰,Y
냉천주유소,대구 달성군 가창면 가창로 672,자영알뜰,N
대림주유소,경남 창원시 의창구 팔용로 501 (팔용동),자영알뜰,Y
한영주유소,대구 북구 공항로 73 (복현동),자영알뜰,N
수라주식회사,강원 영월군 중동면 영월로 3730,자영알뜰,N
(주)미니E주유소,대구 달성군 다사읍 서재로31길 2 (다사읍),자영알뜰,Y
무지개주유소,대구 북구 연암로 198 (산격동),자영알뜰,Y
동서변주유소,대구 북구 호국로 141,자영알뜰,Y
부곡알뜰주유소,경남 창녕군 부곡면 온천로 692,자영알뜰,Y
동로주유소,대구 북구 신천동로 714  (대현동),자영알뜰,Y
성경주유소,경남 창원시 의창구 사화로10번길 33 (팔용동),자영알뜰,Y
신명주유소,대구 남구 대명로 226 (대명동),자영알뜰,Y
㈜태산이엔엘 감영셀프주유소,대구 중구 태평로 130 (태평로2가),자영알뜰,Y
두바이주유소,경남 창원시 마산합포구 3.15대로 172 (중앙동2가),자영알뜰,Y
칠곡제일주유소,대구 북구 구리로 161 (국우동),자영알뜰,N
영광주유소,경남 창원시 마산합포구 무학로 210,자영알뜰,N
하늘주유소,경남 창원시 마산회원구 북성로 373,자영알뜰,Y
(주)신마산주유소,경남 창원시 마산합포구 밤밭고개로 390(월영동),자영알뜰,Y
울트라주유소,경남 창원시 마산합포구 무학로 398 (자산동),자영알뜰,Y
(주)한국에너지,대구 남구 두류공원로 103,자영알뜰,N
만남의주유소,경북 칠곡군 가산면 경북대로 1883,자영알뜰,Y
사등주유소,경남 거제시 사등면 거제대로 5486,자영알뜰,N
영신제2주유소,대구 서구 서대구로 207 (평리동),자영알뜰,Y
태송주유소,대구 달서구 앞산순환로 237 (송현동),자영알뜰,N
영신주유소,대구 서구 서대구로 210 (평리동),자영알뜰,Y
본동문화주유소,대구 달서구 와룡로 6,자영알뜰,Y
동마 제1주유소,대구 달서구 달구벌대로 1196 (신당동),자영알뜰,Y
대곡알뜰주유소,대구 달서구 명천로 28,자영알뜰,Y
미니주유소,대구 북구 침산남로 224 (침산동),자영알뜰,Y
성학주유소,부산 연제구 월드컵대로 249 (거제동),자영알뜰,N
매일주유소,부산 남구 수영로 22 (문현동),자영알뜰,Y
북삼주유소,강원 동해시 효자로 636,자영알뜰,Y
대일주유소,부산 동래구 충렬대로 124 (온천동),자영알뜰,Y
양산IC주유소,경남 양산시 공단로 51 (북정동),자영알뜰,Y
영우에너지 부전주유소,부산 부산진구 신천대로 132,자영알뜰,Y
대양주유소,부산 부산진구 새싹로 61-1 (부암동),자영알뜰,Y
용마주유소,부산 사상구 가야대로 329 (주례동),자영알뜰,Y
화명신도시주유소,부산 북구 금곡대로 203 (화명동),자영알뜰,N
양산에너지마트주유소,경남 양산시 양산역5길 2 (중부동),자영알뜰,Y
(주)주공에너지,부산 부산진구 백양대로 231,자영알뜰,Y
태종석유 석산알뜰주유소,경남 양산시 동면 양산대로 505,자영알뜰,Y
우리주유소,부산 사상구 백양대로 701 (덕포동),자영알뜰,Y
세원주유소,부산 사상구 학감대로 178,자영알뜰,Y
경덕주유소,부산 북구 시랑로 58 (구포동),자영알뜰,Y
퍼시픽에너지(주),부산 사하구 다대로 575 (다대동),자영알뜰,Y
새마당주유소,부산 사하구 장평로 152 (장림동),자영알뜰,Y
공항대로주유소,부산 강서구 공항로 1217 (대저1동),자영알뜰,Y
우리2주유소,부산 강서구 낙동북로 142 (강동동),자영알뜰,Y
맥도주유소,부산 강서구 공항로 381 (대저2동),자영알뜰,Y
우리들주유소,부산 강서구 낙동남로 667 (녹산동),자영알뜰,Y
화영삼방셀프주유소,경남 김해시 삼안로 151 (삼방동),자영알뜰,Y
신금호주유소,경북 영천시 금호읍 대경로 1248,자영알뜰,Y
대국주유소,경북 청도군 금천면 금천로 585,자영알뜰,N
젤코바에너지,경남 김해시 전하로 171 (흥동),자영알뜰,Y
스타주유소,경남 김해시 가야로 409,자영알뜰,Y
솔향주유소,강원 강릉시 공제로437번길 1 (홍제동),자영알뜰,Y
무척산주유소,경남 김해시 생림면 생림대로 1010,자영알뜰,N
골든루트주유소,경남 김해시 주촌면 골든루트로 191,자영알뜰,Y
와촌IC주유소,경북 경산시 와촌면 금송로 430,자영알뜰,Y
(주)미니에너지,경북 경산시 압량면 대학로 754,자영알뜰,Y
정다운주유소,경남 밀양시 상남면 상남로 650,자영알뜰,N
신성주유소,경북 경산시 진량읍 대학로 951,자영알뜰,Y
대호주유소,경남 창원시 진해구 안골로 242 (안골동),자영알뜰,Y
세명주유소,경남 김해시 진영읍 서부로 307,자영알뜰,Y
동대구주유소,대구 동구 안심로 503 (괴전동),자영알뜰,Y
삼원주유소,경북 경산시 남천면 경청로 290,자영알뜰,N
영대주유소,경북 경산시 대학로 205 (계양동),자영알뜰,Y
경민주유소,경남 밀양시 밀양대로 1900 (내이동),자영알뜰,Y
청도주유소,경북 청도군 청도읍 새마을로 1308,자영알뜰,N
산단주유소,경남 함안군 군북면 함안산단로 69,자영알뜰,Y
㈜피디텍 광양알뜰주유소,전남 광양시 광양읍 백운로 160,자영알뜰,Y
남목주유소,울산 동구 방어진순환도로 1208 (서부동),자영알뜰,Y
동울산주유소,울산 동구 방어진순환도로 753 (전하동),자영알뜰,Y
장성우리주유소,경북 포항시 북구 삼흥로 157 (장성동),자영알뜰,Y
덕산셀프주유소,경북 포항시 북구 용당로 161,자영알뜰,Y
신천셀프주유소,울산 북구 산업로 1481 (신천동),자영알뜰,Y
포항주유소,경북 포항시 북구 소티재로 59 (우현동),자영알뜰,Y
청하self주유소,경북 포항시 북구 청하면 동해대로 2405,자영알뜰,Y
백경주유소,울산 울주군 온산읍 덕신로 478,자영알뜰,Y
효암알뜰주유소,울산 남구 두왕로 74 (선암동),자영알뜰,Y
우정주유소,울산 중구 중앙길 14 (성남동),자영알뜰,Y
스카이주유소,울산 중구 성안로 157 (성안동),자영알뜰,Y
광신직영(흥부셀프),울산 남구 월평로 152 (신정동),자영알뜰,Y
메트로시티 주유소,경상북도 포항시 남구 포스코대로 54,자영알뜰,Y
(주)천년애주유소,경북 경주시 산업로 4534 (용강동),자영알뜰,Y
대변주유소,부산 기장군 기장읍 연화길 34,자영알뜰,N
제이엠11주유소,경북 경주시 강동면 산업로 5406,자영알뜰,Y
월드컵주유소,부산 기장군 일광면 기장대로 1230,자영알뜰,Y
선암주유소,부산 기장군 장안읍 기장대로 1453,자영알뜰,Y
시너직주유소,경북 경주시 산업로 3585 (동방동),자영알뜰,Y
(주)흥연주유소,울산 울주군 웅촌면 웅촌로 377,자영알뜰,Y
계림주유소,경북 경주시 용담로 54,자영알뜰,Y
한양 브라보주유소,부산 해운대구 해운대로 1238 (송정동),자영알뜰,N
(주)진성에너지,경북 경주시  태종로 278 (충효동),자영알뜰,Y
부경셀프주유소,부산 기장군 기장읍 반송로 1407,자영알뜰,Y
신세계주유소,부산 동래구 충렬대로 500 (안락동),자영알뜰,N
센텀타이거주유소,부산 수영구 민락본동로 30,자영알뜰,Y
대박주유소,경북 경주시 안강읍 호국로 2083,자영알뜰,Y
명장주유소,부산 동래구 반송로 303 (명장동),자영알뜰,Y
작천정주유소,울산 울주군 삼남면 반구대로 607,자영알뜰,Y
참조은주유소,경남 양산시 하북면 양산대로 2325,자영알뜰,Y
삼화주유소,부산 남구 우암로 92 (감만동),자영알뜰,N
에너지드림셀프주유소,부산 연제구 반송로 68 (연산동),자영알뜰,Y
무산주유소,경북 경주시 건천읍 단석로 1955,자영알뜰,Y
금두꺼비주유소,부산광역시 금정구  부곡로 67 (부곡동),자영알뜰,Y
훼미리알뜰주유소,부산 금정구 두실로 2,자영알뜰,N
신대우리알뜰주유소,전남 순천시 해룡면 신대로 233,자영알뜰,Y
신덕계클린주유소,경남 양산시 덕명로 48 (덕계동 177-34),자영알뜰,Y
천지주유소,대구 북구 사수로 369,자영알뜰,Y
신성주유소,대전 유성구 가정북로 163,자영알뜰,Y
㈜여정 영암주유소,전남 영암군 삼호읍 대불로 164,자영알뜰,Y
오일패밀리주유소,광주 북구 빛고을대로 849,자영알뜰,Y
